script_id,finding
SC-01,none
SC-02,NEGATION_PIVOT_USED
SC-03,UNCITED_SCRIPTURE_REF
SC-04,OUT_OF_WINDOW
SC-05,none
SC-06,NEGATION_PIVOT_USED
SC-07,RUNTIME_OUT_OF_BAND
SC-08,UNCITED_SCRIPTURE_REF
SC-09,RETIRED
SC-10,NEGATION_PIVOT_USED
SC-11,RUNTIME_OUT_OF_BAND
SC-12,RUNTIME_OUT_OF_BAND
SC-13,ON_HOLD
SC-14,OUT_OF_WINDOW
SC-15,ON_HOLD
SC-16,none
SC-17,NEGATION_PIVOT_USED
SC-18,RUNTIME_OUT_OF_BAND
SC-19,UNCITED_SCRIPTURE_REF
SC-20,none
SC-21,RUNTIME_OUT_OF_BAND
SC-22,ON_HOLD
SC-23,none
SC-24,UNCITED_SCRIPTURE_REF
SC-25,RUNTIME_OUT_OF_BAND
SC-26,NEGATION_PIVOT_USED
SC-27,RETIRED
SC-28,OUT_OF_WINDOW
SC-29,RETIRED
SC-30,RUNTIME_OUT_OF_BAND
SC-31,NEGATION_PIVOT_USED
SC-32,ON_HOLD
SC-33,OUT_OF_WINDOW
SC-34,RUNTIME_OUT_OF_BAND
SC-35,RETIRED
SC-36,NEGATION_PIVOT_USED
SC-37,UNCITED_SCRIPTURE_REF
SC-38,none
SC-39,ON_HOLD
SC-40,none
SC-41,none
SC-42,ON_HOLD
SC-43,OUT_OF_WINDOW
SC-44,none
SC-45,none
SC-46,none
SC-47,none
SC-48,none
SC-49,RETIRED
SC-50,RUNTIME_OUT_OF_BAND
SC-51,ON_HOLD
SC-52,RETIRED
SC-53,ON_HOLD
SC-54,UNCITED_SCRIPTURE_REF
SC-55,NEGATION_PIVOT_USED
SC-56,NEGATION_PIVOT_USED
SC-57,none
SC-58,none
SC-59,ON_HOLD
SC-60,NEGATION_PIVOT_USED
SC-61,none
SC-62,none
SC-63,ON_HOLD
SC-64,NEGATION_PIVOT_USED
SC-81,NEGATION_PIVOT_USED
SC-82,NEGATION_PIVOT_USED
SC-83,NEGATION_PIVOT_USED
SC-84,none
SC-85,NEGATION_PIVOT_USED
SC-86,RETIRED
SC-87,ON_HOLD
SC-88,none
SC-89,none
SC-90,none
SC-91,none
SC-92,none
SC-93,none
SC-94,none
SC-95,NEGATION_PIVOT_USED
SC-96,RUNTIME_OUT_OF_BAND
SC-97,RUNTIME_OUT_OF_BAND
SC-98,RUNTIME_OUT_OF_BAND
SC-99,RUNTIME_OUT_OF_BAND
SC-100,none
SC-101,NEGATION_PIVOT_USED
SC-102,UNCITED_SCRIPTURE_REF
SC-103,none
SC-104,ON_HOLD
SC-105,RETIRED
SC-106,none
SC-107,OUT_OF_WINDOW
SC-108,none
SC-109,RUNTIME_OUT_OF_BAND
SC-110,none
SC-111,none
SC-112,RUNTIME_OUT_OF_BAND
SC-113,RUNTIME_OUT_OF_BAND
SC-114,none
SC-115,none
SC-116,NEGATION_PIVOT_USED
SC-117,NEGATION_PIVOT_USED
SC-118,ON_HOLD
SC-119,RETIRED
SC-120,none
SC-121,RETIRED
SC-122,RETIRED
SC-123,RETIRED
SC-124,none
SC-125,none
SC-126,none
SC-127,none
SC-128,RETIRED
SC-129,OUT_OF_WINDOW
SC-130,OUT_OF_WINDOW
SC-131,none
SC-132,none
SC-133,none
SC-134,none
SC-135,OUT_OF_WINDOW
SC-136,UNCITED_SCRIPTURE_REF
SC-137,none
SC-138,none
SC-139,none
SC-140,none
SC-141,none
SC-142,UNCITED_SCRIPTURE_REF
SC-143,UNCITED_SCRIPTURE_REF
SC-144,UNCITED_SCRIPTURE_REF
SC-145,none
SC-146,UNCITED_SCRIPTURE_REF
SC-147,UNCITED_SCRIPTURE_REF
SC-148,UNCITED_SCRIPTURE_REF
SC-149,none
SC-150,none
SC-151,ON_HOLD
SC-152,RETIRED
SC-153,ON_HOLD
SC-154,RETIRED
SC-155,NEGATION_PIVOT_USED
SC-156,RETIRED
SC-157,OUT_OF_WINDOW
SC-158,UNCITED_SCRIPTURE_REF
SC-159,UNCITED_SCRIPTURE_REF
SC-160,RETIRED
SC-161,RETIRED
SC-162,ON_HOLD
SC-163,OUT_OF_WINDOW
SC-164,RETIRED
SC-165,RETIRED
SC-166,none
SC-167,none
SC-168,none
SC-169,none
SC-170,none
SC-171,none
SC-172,none
SC-173,none
SC-174,none
SC-175,none
SC-176,NEGATION_PIVOT_USED
SC-177,NEGATION_PIVOT_USED
SC-178,NEGATION_PIVOT_USED
SC-179,NEGATION_PIVOT_USED
SC-180,NEGATION_PIVOT_USED
SC-181,NEGATION_PIVOT_USED
SC-182,none
SC-183,none
SC-184,none
SC-185,NEGATION_PIVOT_USED
SC-186,none
SC-187,none
SC-188,NEGATION_PIVOT_USED
SC-189,NEGATION_PIVOT_USED
SC-190,NEGATION_PIVOT_USED
SC-191,none
SC-192,NEGATION_PIVOT_USED
SC-193,NEGATION_PIVOT_USED
SC-194,NEGATION_PIVOT_USED
SC-195,NEGATION_PIVOT_USED
SC-196,NEGATION_PIVOT_USED
SC-197,NEGATION_PIVOT_USED
SC-198,NEGATION_PIVOT_USED
SC-199,none
SC-200,none
SC-201,RUNTIME_OUT_OF_BAND
SC-202,none
SC-203,none
SC-204,RUNTIME_OUT_OF_BAND
SC-205,RUNTIME_OUT_OF_BAND
SC-206,none
SC-207,none
SC-208,RUNTIME_OUT_OF_BAND
SC-209,none
SC-210,RUNTIME_OUT_OF_BAND
SC-211,none
SC-212,none
SC-213,RUNTIME_OUT_OF_BAND
SC-214,none
SC-215,none
SC-216,RUNTIME_OUT_OF_BAND
SC-217,RUNTIME_OUT_OF_BAND
SC-218,none
SC-219,RUNTIME_OUT_OF_BAND
SC-220,none
SC-221,ON_HOLD
SC-222,ON_HOLD
SC-223,ON_HOLD
SC-224,ON_HOLD
SC-225,ON_HOLD
SC-226,none
SC-227,none
SC-228,none
SC-229,none
SC-230,none
SC-231,ON_HOLD
SC-232,RETIRED
SC-233,OUT_OF_WINDOW
SC-234,NEGATION_PIVOT_USED
SC-235,NEGATION_PIVOT_USED
SC-236,UNCITED_SCRIPTURE_REF
SC-237,UNCITED_SCRIPTURE_REF
SC-238,UNCITED_SCRIPTURE_REF
SC-239,RUNTIME_OUT_OF_BAND
SC-240,UNCITED_SCRIPTURE_REF
SC-241,RUNTIME_OUT_OF_BAND
SC-242,RETIRED
SC-243,ON_HOLD
SC-244,UNCITED_SCRIPTURE_REF
SC-245,UNCITED_SCRIPTURE_REF
SC-246,UNCITED_SCRIPTURE_REF
SC-247,RETIRED
SC-248,OUT_OF_WINDOW
SC-249,UNCITED_SCRIPTURE_REF
SC-250,NEGATION_PIVOT_USED
SC-251,OUT_OF_WINDOW
SC-252,OUT_OF_WINDOW
SC-253,OUT_OF_WINDOW
SC-254,OUT_OF_WINDOW
SC-255,OUT_OF_WINDOW
SC-256,none
SC-257,none
SC-258,none
SC-259,none
SC-260,none
SC-261,none
SC-262,none
SC-263,none
SC-264,none
SC-265,none
SC-266,none
SC-267,none
SC-268,none
SC-269,none
SC-270,none
SC-271,RETIRED
SC-272,RETIRED
SC-273,RETIRED
SC-274,RETIRED
SC-275,RETIRED
SC-276,RETIRED
SC-277,RETIRED
SC-278,none
SC-279,none
SC-280,none
SC-281,none
SC-282,none
SC-283,none
SC-284,none
SC-285,none
SC-286,none
SC-287,none
SC-288,none
SC-289,none
SC-290,none
SC-291,UNCITED_SCRIPTURE_REF
SC-292,UNCITED_SCRIPTURE_REF
SC-293,UNCITED_SCRIPTURE_REF
SC-294,UNCITED_SCRIPTURE_REF
SC-295,UNCITED_SCRIPTURE_REF
SC-296,none
SC-297,none
SC-298,none
SC-299,none
SC-300,none
SC-301,UNCITED_SCRIPTURE_REF
SC-302,UNCITED_SCRIPTURE_REF
SC-303,UNCITED_SCRIPTURE_REF
SC-304,UNCITED_SCRIPTURE_REF
SC-305,UNCITED_SCRIPTURE_REF
SC-306,none
SC-307,none
SC-308,none
SC-309,UNCITED_SCRIPTURE_REF
SC-310,UNCITED_SCRIPTURE_REF
SC-311,none
SC-312,none
SC-313,none
SC-314,none
SC-315,NEGATION_PIVOT_USED
SC-316,NEGATION_PIVOT_USED
SC-317,NEGATION_PIVOT_USED
SC-318,NEGATION_PIVOT_USED
SC-319,NEGATION_PIVOT_USED
SC-320,NEGATION_PIVOT_USED
SC-321,NEGATION_PIVOT_USED
SC-322,NEGATION_PIVOT_USED
SC-323,NEGATION_PIVOT_USED
SC-324,NEGATION_PIVOT_USED
SC-325,NEGATION_PIVOT_USED
SC-326,NEGATION_PIVOT_USED
SC-327,NEGATION_PIVOT_USED
SC-328,NEGATION_PIVOT_USED
SC-329,NEGATION_PIVOT_USED
SC-330,NEGATION_PIVOT_USED
SC-331,NEGATION_PIVOT_USED
SC-332,NEGATION_PIVOT_USED
SC-333,NEGATION_PIVOT_USED
SC-334,NEGATION_PIVOT_USED
SC-335,NEGATION_PIVOT_USED
SC-336,NEGATION_PIVOT_USED
SC-337,NEGATION_PIVOT_USED
SC-338,NEGATION_PIVOT_USED
SC-339,NEGATION_PIVOT_USED
SC-340,NEGATION_PIVOT_USED
SC-341,NEGATION_PIVOT_USED
SC-342,NEGATION_PIVOT_USED
SC-343,NEGATION_PIVOT_USED
SC-344,NEGATION_PIVOT_USED
SC-345,NEGATION_PIVOT_USED
SC-346,NEGATION_PIVOT_USED
SC-347,NEGATION_PIVOT_USED
SC-348,NEGATION_PIVOT_USED
SC-349,NEGATION_PIVOT_USED
SC-350,NEGATION_PIVOT_USED
SC-351,none
SC-352,none
SC-353,none
SC-354,none
SC-355,none
SC-356,none
SC-357,none
SC-358,none
SC-359,none
SC-360,none
SC-361,none
SC-362,none
SC-363,none
SC-364,none
SC-365,none
SC-366,none
SC-367,NEGATION_PIVOT_USED
SC-368,NEGATION_PIVOT_USED
SC-369,NEGATION_PIVOT_USED
SC-371,RUNTIME_OUT_OF_BAND
SC-372,none
SC-373,none
SC-374,RUNTIME_OUT_OF_BAND
SC-375,RUNTIME_OUT_OF_BAND
SC-376,none
SC-377,none
SC-378,RUNTIME_OUT_OF_BAND
SC-379,none
SC-380,RUNTIME_OUT_OF_BAND
SC-381,none
SC-382,none
SC-383,RUNTIME_OUT_OF_BAND
SC-384,none
SC-385,none
SC-386,RUNTIME_OUT_OF_BAND
SC-387,RUNTIME_OUT_OF_BAND
SC-388,none
SC-389,RUNTIME_OUT_OF_BAND
SC-390,none
SC-391,ON_HOLD
SC-392,ON_HOLD
SC-393,ON_HOLD
SC-394,ON_HOLD
SC-395,ON_HOLD
SC-396,ON_HOLD
SC-397,none
SC-398,none
SC-399,none
SC-400,none
SC-401,OUT_OF_WINDOW
SC-402,RETIRED
SC-403,ON_HOLD
SC-404,UNCITED_SCRIPTURE_REF
SC-405,RUNTIME_OUT_OF_BAND
SC-406,NEGATION_PIVOT_USED
SC-407,OUT_OF_WINDOW
SC-408,RETIRED
SC-409,ON_HOLD
SC-410,UNCITED_SCRIPTURE_REF
SC-411,RUNTIME_OUT_OF_BAND
SC-412,NEGATION_PIVOT_USED
SC-413,RETIRED
SC-414,OUT_OF_WINDOW
SC-415,UNCITED_SCRIPTURE_REF
SC-416,UNCITED_SCRIPTURE_REF
SC-417,NEGATION_PIVOT_USED
SC-418,none
SC-419,NEGATION_PIVOT_USED
SC-420,ON_HOLD
SC-421,OUT_OF_WINDOW
SC-422,OUT_OF_WINDOW
SC-423,OUT_OF_WINDOW
SC-424,OUT_OF_WINDOW
SC-425,OUT_OF_WINDOW
SC-426,OUT_OF_WINDOW
SC-427,OUT_OF_WINDOW
SC-428,OUT_OF_WINDOW
SC-429,none
SC-430,none
SC-431,none
SC-432,none
SC-433,none
SC-434,none
SC-435,none
SC-436,none
SC-437,none
SC-438,none
SC-439,none
SC-440,none
SC-441,none
SC-442,none
SC-443,none
SC-444,none
SC-445,none
SC-446,none
SC-447,none
SC-448,none
SC-449,none
SC-450,none
SC-451,none
SC-452,none
SC-453,none
SC-454,none
SC-455,none
SC-456,none
SC-457,none
SC-458,none
SC-459,none
SC-460,none
SC-461,none
SC-462,none
SC-463,none
SC-464,none
SC-465,none
SC-466,none
SC-467,none
SC-468,none
SC-469,none
SC-470,none
SC-471,none
SC-472,RETIRED
SC-473,RETIRED
SC-474,RETIRED
SC-475,RETIRED
SC-476,RETIRED
SC-477,RETIRED
SC-478,RETIRED
SC-479,RETIRED
SC-480,RETIRED
SC-481,RETIRED
SC-482,none
SC-483,none
SC-484,none
SC-485,none
SC-486,none
SC-487,none
SC-488,none
SC-489,none
SC-490,none
SC-491,none
SC-492,none
SC-493,none
SC-494,none
SC-495,none
SC-496,none
SC-497,none
SC-498,none
SC-499,none
SC-500,none
SC-501,none
SC-502,none
SC-503,none
SC-504,none
SC-505,none
SC-506,none
SC-507,none
SC-508,none
SC-509,none
SC-510,none
SC-511,none
SC-512,none
SC-513,none
SC-514,none
SC-515,none
SC-516,none
SC-517,none
SC-518,none
SC-519,none
SC-520,none
SC-521,none
SC-522,none
SC-523,none
SC-524,none
SC-525,none
SC-526,none
SC-527,none
SC-528,UNCITED_SCRIPTURE_REF
SC-529,UNCITED_SCRIPTURE_REF
SC-530,UNCITED_SCRIPTURE_REF
SC-531,UNCITED_SCRIPTURE_REF
SC-532,UNCITED_SCRIPTURE_REF
SC-533,UNCITED_SCRIPTURE_REF
SC-534,UNCITED_SCRIPTURE_REF
SC-535,UNCITED_SCRIPTURE_REF
SC-536,UNCITED_SCRIPTURE_REF
SC-537,UNCITED_SCRIPTURE_REF
SC-538,UNCITED_SCRIPTURE_REF
SC-539,UNCITED_SCRIPTURE_REF
SC-540,UNCITED_SCRIPTURE_REF
SC-541,UNCITED_SCRIPTURE_REF
SC-542,UNCITED_SCRIPTURE_REF
SC-543,UNCITED_SCRIPTURE_REF
SC-544,UNCITED_SCRIPTURE_REF
SC-545,UNCITED_SCRIPTURE_REF
SC-546,UNCITED_SCRIPTURE_REF
SC-547,UNCITED_SCRIPTURE_REF
SC-548,UNCITED_SCRIPTURE_REF
SC-549,UNCITED_SCRIPTURE_REF
SC-550,UNCITED_SCRIPTURE_REF
SC-551,UNCITED_SCRIPTURE_REF
SC-552,UNCITED_SCRIPTURE_REF
SC-553,UNCITED_SCRIPTURE_REF
SC-554,UNCITED_SCRIPTURE_REF
SC-555,UNCITED_SCRIPTURE_REF
SC-556,UNCITED_SCRIPTURE_REF
SC-557,UNCITED_SCRIPTURE_REF
SC-558,UNCITED_SCRIPTURE_REF
SC-559,UNCITED_SCRIPTURE_REF
SC-560,UNCITED_SCRIPTURE_REF
SC-561,UNCITED_SCRIPTURE_REF
SC-562,UNCITED_SCRIPTURE_REF
SC-563,UNCITED_SCRIPTURE_REF
SC-564,UNCITED_SCRIPTURE_REF
SC-565,UNCITED_SCRIPTURE_REF
SC-566,UNCITED_SCRIPTURE_REF
SC-567,UNCITED_SCRIPTURE_REF
SC-568,UNCITED_SCRIPTURE_REF
SC-569,UNCITED_SCRIPTURE_REF
SC-570,UNCITED_SCRIPTURE_REF
SC-571,UNCITED_SCRIPTURE_REF
SC-572,UNCITED_SCRIPTURE_REF
SC-573,UNCITED_SCRIPTURE_REF
SC-574,UNCITED_SCRIPTURE_REF
SC-575,UNCITED_SCRIPTURE_REF
SC-576,UNCITED_SCRIPTURE_REF
SC-577,UNCITED_SCRIPTURE_REF
SC-578,none
SC-579,none
SC-580,none
SC-581,none
SC-582,none
SC-583,none
SC-584,none
SC-585,none
SC-586,none
SC-587,none
SC-588,none
SC-589,none
SC-590,none
SC-591,none
SC-592,none
SC-593,none
SC-594,none
SC-595,none
SC-596,none
SC-597,none
SC-598,none
SC-599,none
SC-600,none
SC-601,none
SC-602,none
SC-603,none
SC-604,none
SC-605,none
SC-606,none
SC-607,none
SC-608,none
SC-609,none
SC-610,none
SC-611,none
SC-612,none
SC-613,NEGATION_PIVOT_USED
SC-614,NEGATION_PIVOT_USED
SC-615,NEGATION_PIVOT_USED
SC-616,NEGATION_PIVOT_USED
SC-617,NEGATION_PIVOT_USED
SC-618,NEGATION_PIVOT_USED
SC-619,NEGATION_PIVOT_USED
SC-620,NEGATION_PIVOT_USED
SC-621,NEGATION_PIVOT_USED
SC-622,NEGATION_PIVOT_USED
SC-623,NEGATION_PIVOT_USED
SC-624,NEGATION_PIVOT_USED
SC-625,NEGATION_PIVOT_USED
SC-626,NEGATION_PIVOT_USED
SC-627,NEGATION_PIVOT_USED
SC-628,NEGATION_PIVOT_USED
SC-629,NEGATION_PIVOT_USED
SC-630,NEGATION_PIVOT_USED
SC-631,NEGATION_PIVOT_USED
SC-632,NEGATION_PIVOT_USED
SC-633,NEGATION_PIVOT_USED
SC-634,NEGATION_PIVOT_USED
SC-635,NEGATION_PIVOT_USED
SC-636,NEGATION_PIVOT_USED
SC-637,NEGATION_PIVOT_USED
SC-638,NEGATION_PIVOT_USED
SC-639,NEGATION_PIVOT_USED
SC-640,NEGATION_PIVOT_USED
SC-641,NEGATION_PIVOT_USED
SC-642,NEGATION_PIVOT_USED
SC-643,NEGATION_PIVOT_USED
SC-644,NEGATION_PIVOT_USED
SC-645,NEGATION_PIVOT_USED
SC-646,NEGATION_PIVOT_USED
SC-647,NEGATION_PIVOT_USED
SC-648,NEGATION_PIVOT_USED
SC-649,NEGATION_PIVOT_USED
SC-650,NEGATION_PIVOT_USED
SC-651,NEGATION_PIVOT_USED
SC-652,NEGATION_PIVOT_USED
SC-653,ON_HOLD
SC-654,ON_HOLD
SC-655,ON_HOLD
SC-656,ON_HOLD
SC-657,ON_HOLD
SC-658,ON_HOLD
SC-659,ON_HOLD
SC-660,ON_HOLD
SC-661,ON_HOLD
SC-662,ON_HOLD
SC-663,none
SC-664,none
SC-665,none
SC-666,none
SC-667,none
SC-668,none
SC-669,none
SC-670,none
SC-671,none
SC-672,none
SC-673,none
SC-674,none
SC-675,none
SC-676,none
SC-677,none
SC-678,none
SC-679,none
SC-680,none
SC-681,none
SC-682,none
SC-683,none
SC-684,none
SC-685,none
SC-686,none
SC-687,none
SC-688,none
SC-689,none
SC-690,none
SC-691,none
SC-692,none
SC-693,none
SC-694,none
SC-695,none
SC-696,none
SC-697,none
SC-698,none
SC-699,none
SC-700,none
SC-701,none
SC-702,none
SC-703,none
SC-704,none
SC-705,none
SC-706,none
SC-707,RUNTIME_OUT_OF_BAND
SC-708,RUNTIME_OUT_OF_BAND
SC-709,RUNTIME_OUT_OF_BAND
SC-710,RUNTIME_OUT_OF_BAND
SC-711,RUNTIME_OUT_OF_BAND
SC-712,RUNTIME_OUT_OF_BAND
SC-713,RUNTIME_OUT_OF_BAND
SC-714,RUNTIME_OUT_OF_BAND
SC-715,RUNTIME_OUT_OF_BAND
SC-716,RUNTIME_OUT_OF_BAND
SC-717,RUNTIME_OUT_OF_BAND
SC-718,RUNTIME_OUT_OF_BAND
SC-719,RUNTIME_OUT_OF_BAND
SC-720,RUNTIME_OUT_OF_BAND
SC-721,RUNTIME_OUT_OF_BAND
SC-722,RUNTIME_OUT_OF_BAND
SC-723,RUNTIME_OUT_OF_BAND
SC-724,RUNTIME_OUT_OF_BAND
SC-725,RUNTIME_OUT_OF_BAND
SC-726,RUNTIME_OUT_OF_BAND
SC-727,none
SC-728,none
SC-729,none
SC-730,none
SC-731,none
SC-732,none
SC-733,none
SC-734,none
SC-735,RUNTIME_OUT_OF_BAND
SC-736,RUNTIME_OUT_OF_BAND
SC-737,RUNTIME_OUT_OF_BAND
SC-738,none
SC-739,none
SC-740,none
SC-741,none
SC-742,none
SC-743,none
SC-744,none
SC-745,none
SC-746,none
SC-747,RUNTIME_OUT_OF_BAND
SC-748,RUNTIME_OUT_OF_BAND
SC-749,RUNTIME_OUT_OF_BAND
SC-750,RUNTIME_OUT_OF_BAND
SC-751,RUNTIME_OUT_OF_BAND
SC-752,RUNTIME_OUT_OF_BAND
SC-753,RUNTIME_OUT_OF_BAND
SC-754,RUNTIME_OUT_OF_BAND
SC-755,RUNTIME_OUT_OF_BAND
SC-756,RUNTIME_OUT_OF_BAND
SC-757,RUNTIME_OUT_OF_BAND
SC-758,RUNTIME_OUT_OF_BAND
SC-759,RUNTIME_OUT_OF_BAND
SC-760,RUNTIME_OUT_OF_BAND
SC-761,RUNTIME_OUT_OF_BAND
SC-762,RUNTIME_OUT_OF_BAND
SC-763,RUNTIME_OUT_OF_BAND
SC-764,RUNTIME_OUT_OF_BAND
SC-765,RUNTIME_OUT_OF_BAND
SC-766,RUNTIME_OUT_OF_BAND
SC-767,RUNTIME_OUT_OF_BAND
SC-768,RUNTIME_OUT_OF_BAND
SC-769,RUNTIME_OUT_OF_BAND
SC-770,none
SC-771,none
SC-772,none
SC-773,none
SC-774,none
SC-775,none
SC-776,none
SC-777,none
SC-778,none
SC-779,RUNTIME_OUT_OF_BAND
SC-780,RUNTIME_OUT_OF_BAND
SC-781,RUNTIME_OUT_OF_BAND
SC-782,RUNTIME_OUT_OF_BAND
SC-783,RUNTIME_OUT_OF_BAND
SC-784,RUNTIME_OUT_OF_BAND
SC-785,RUNTIME_OUT_OF_BAND
SC-786,RUNTIME_OUT_OF_BAND
SC-787,none
SC-788,none
SC-789,none
SC-790,none
SC-791,RUNTIME_OUT_OF_BAND
SC-792,none
SC-793,RUNTIME_OUT_OF_BAND
SC-794,none
SC-795,none
SC-796,RUNTIME_OUT_OF_BAND
SC-797,RUNTIME_OUT_OF_BAND
SC-798,RUNTIME_OUT_OF_BAND
SC-799,none
SC-800,none
SC-801,RUNTIME_OUT_OF_BAND
SC-802,RUNTIME_OUT_OF_BAND
SC-803,RUNTIME_OUT_OF_BAND
SC-804,none
SC-805,none
SC-806,none
SC-807,none
SC-808,RUNTIME_OUT_OF_BAND
SC-809,none
SC-810,none
SC-811,none
SC-812,RUNTIME_OUT_OF_BAND
SC-813,RUNTIME_OUT_OF_BAND
SC-814,RUNTIME_OUT_OF_BAND
SC-815,none
SC-816,none
SC-817,none
SC-818,none
SC-819,none
SC-820,none
SC-821,RUNTIME_OUT_OF_BAND
SC-822,none
SC-823,none
SC-824,RUNTIME_OUT_OF_BAND
SC-825,none
SC-826,RUNTIME_OUT_OF_BAND
SC-827,none
SC-828,RUNTIME_OUT_OF_BAND
SC-829,none
SC-830,none
SC-831,none
SC-832,RUNTIME_OUT_OF_BAND
SC-833,RUNTIME_OUT_OF_BAND
SC-834,none
SC-835,none
SC-836,none
SC-837,RUNTIME_OUT_OF_BAND
SC-838,RUNTIME_OUT_OF_BAND
SC-839,ON_HOLD
SC-840,ON_HOLD
SC-841,ON_HOLD
SC-842,ON_HOLD
SC-843,ON_HOLD
SC-844,RETIRED
SC-845,none
SC-846,none
SC-847,none
SC-848,none
SC-849,RETIRED
SC-850,none
SC-851,none
SC-852,none
SC-853,none
SC-854,RETIRED
SC-855,none
SC-856,none
SC-857,none
SC-858,none
SC-859,RETIRED
SC-860,none
SC-861,none
SC-862,none
SC-863,none
SC-864,RETIRED
SC-865,RETIRED
SC-866,RETIRED
SC-867,RETIRED
SC-868,RETIRED
SC-869,RETIRED
SC-870,RETIRED
SC-871,RETIRED
SC-872,OUT_OF_WINDOW
SC-873,none
SC-874,none
SC-875,none
SC-876,none
SC-877,none
SC-878,none
SC-879,none
SC-880,OUT_OF_WINDOW
SC-881,none
SC-882,none
SC-883,none
SC-884,none
SC-885,none
SC-886,none
SC-887,none
SC-888,OUT_OF_WINDOW
SC-889,none
SC-890,none
SC-891,none
SC-892,none
SC-893,none
SC-894,none
SC-895,none
SC-896,OUT_OF_WINDOW
SC-897,none
SC-898,none
SC-899,none
SC-900,none
SC-901,none
SC-902,none
SC-903,none
SC-904,OUT_OF_WINDOW
SC-905,OUT_OF_WINDOW
SC-906,OUT_OF_WINDOW
SC-907,OUT_OF_WINDOW
SC-908,NEGATION_PIVOT_USED
SC-909,none
SC-910,NEGATION_PIVOT_USED
SC-911,NEGATION_PIVOT_USED
SC-912,NEGATION_PIVOT_USED
SC-913,none
SC-914,NEGATION_PIVOT_USED
SC-915,NEGATION_PIVOT_USED
SC-916,NEGATION_PIVOT_USED
SC-917,none
SC-918,NEGATION_PIVOT_USED
SC-919,NEGATION_PIVOT_USED
SC-920,NEGATION_PIVOT_USED
SC-921,none
SC-922,NEGATION_PIVOT_USED
SC-923,NEGATION_PIVOT_USED
SC-924,NEGATION_PIVOT_USED
SC-925,none
SC-926,NEGATION_PIVOT_USED
SC-927,NEGATION_PIVOT_USED
SC-928,NEGATION_PIVOT_USED
SC-929,none
SC-930,NEGATION_PIVOT_USED
SC-931,NEGATION_PIVOT_USED
SC-932,NEGATION_PIVOT_USED
SC-933,none
SC-934,NEGATION_PIVOT_USED
SC-935,NEGATION_PIVOT_USED
SC-936,none
SC-937,RUNTIME_OUT_OF_BAND
SC-938,RUNTIME_OUT_OF_BAND
SC-939,none
SC-940,RUNTIME_OUT_OF_BAND
SC-941,UNCITED_SCRIPTURE_REF
SC-942,UNCITED_SCRIPTURE_REF
SC-943,UNCITED_SCRIPTURE_REF
SC-944,UNCITED_SCRIPTURE_REF
SC-945,UNCITED_SCRIPTURE_REF
SC-946,UNCITED_SCRIPTURE_REF
SC-947,UNCITED_SCRIPTURE_REF
SC-948,UNCITED_SCRIPTURE_REF
SC-949,UNCITED_SCRIPTURE_REF
SC-950,UNCITED_SCRIPTURE_REF
SC-951,UNCITED_SCRIPTURE_REF
SC-952,UNCITED_SCRIPTURE_REF
SC-953,UNCITED_SCRIPTURE_REF
SC-954,UNCITED_SCRIPTURE_REF
SC-955,UNCITED_SCRIPTURE_REF
SC-956,UNCITED_SCRIPTURE_REF
SC-957,UNCITED_SCRIPTURE_REF
SC-958,UNCITED_SCRIPTURE_REF
SC-959,UNCITED_SCRIPTURE_REF
SC-960,UNCITED_SCRIPTURE_REF
SC-961,UNCITED_SCRIPTURE_REF
SC-962,UNCITED_SCRIPTURE_REF
SC-963,UNCITED_SCRIPTURE_REF
SC-964,UNCITED_SCRIPTURE_REF
SC-965,UNCITED_SCRIPTURE_REF
SC-966,UNCITED_SCRIPTURE_REF
SC-967,UNCITED_SCRIPTURE_REF
SC-968,UNCITED_SCRIPTURE_REF
SC-969,UNCITED_SCRIPTURE_REF
SC-970,UNCITED_SCRIPTURE_REF
SC-971,none
SC-972,RUNTIME_OUT_OF_BAND
SC-973,RUNTIME_OUT_OF_BAND
SC-974,none
SC-975,RUNTIME_OUT_OF_BAND
SC-976,none
SC-977,RUNTIME_OUT_OF_BAND
SC-978,RUNTIME_OUT_OF_BAND
SC-979,none
SC-980,RUNTIME_OUT_OF_BAND
SC-981,none
SC-982,RUNTIME_OUT_OF_BAND
SC-983,RUNTIME_OUT_OF_BAND
SC-984,none
SC-985,RUNTIME_OUT_OF_BAND
SC-986,none
SC-987,RUNTIME_OUT_OF_BAND
SC-988,RUNTIME_OUT_OF_BAND
SC-989,none
SC-990,RUNTIME_OUT_OF_BAND
SC-991,none
SC-992,RUNTIME_OUT_OF_BAND
SC-993,RUNTIME_OUT_OF_BAND
SC-994,none
SC-995,RUNTIME_OUT_OF_BAND
SC-996,none
SC-997,RUNTIME_OUT_OF_BAND
SC-998,RUNTIME_OUT_OF_BAND
SC-999,none
SC-1000,RUNTIME_OUT_OF_BAND
SC-1001,none
SC-1002,RUNTIME_OUT_OF_BAND
SC-1003,RUNTIME_OUT_OF_BAND
SC-1004,none
SC-1005,RUNTIME_OUT_OF_BAND
SC-1006,none
SC-1007,RUNTIME_OUT_OF_BAND
SC-1008,RUNTIME_OUT_OF_BAND
SC-1009,none
SC-1010,RUNTIME_OUT_OF_BAND
SC-1011,none
SC-1012,RUNTIME_OUT_OF_BAND
SC-1013,RUNTIME_OUT_OF_BAND
SC-1014,none
SC-1015,RUNTIME_OUT_OF_BAND
SC-1016,none
SC-1017,RUNTIME_OUT_OF_BAND
SC-1018,RUNTIME_OUT_OF_BAND
SC-1019,none
SC-1020,RUNTIME_OUT_OF_BAND
SC-1021,none
SC-1022,RUNTIME_OUT_OF_BAND
SC-1023,RUNTIME_OUT_OF_BAND
SC-1024,none
SC-1025,RUNTIME_OUT_OF_BAND
SC-1026,none
SC-1027,RUNTIME_OUT_OF_BAND
SC-1028,RUNTIME_OUT_OF_BAND
SC-1029,none
SC-1030,RUNTIME_OUT_OF_BAND
SC-1031,none
SC-1032,RUNTIME_OUT_OF_BAND
SC-1033,RUNTIME_OUT_OF_BAND
SC-1034,none
SC-1035,RUNTIME_OUT_OF_BAND
SC-1036,none
SC-1037,RUNTIME_OUT_OF_BAND
SC-1038,RUNTIME_OUT_OF_BAND
SC-1039,none
SC-1040,RUNTIME_OUT_OF_BAND
SC-1041,none
SC-1042,RUNTIME_OUT_OF_BAND
SC-1043,RUNTIME_OUT_OF_BAND
SC-1044,none
SC-1045,RUNTIME_OUT_OF_BAND
SC-1046,none
SC-1047,RUNTIME_OUT_OF_BAND
SC-1048,RUNTIME_OUT_OF_BAND
SC-1049,none
SC-1050,RUNTIME_OUT_OF_BAND
SC-1051,none
SC-1052,RUNTIME_OUT_OF_BAND
SC-1053,RUNTIME_OUT_OF_BAND
SC-1054,none
SC-1055,RUNTIME_OUT_OF_BAND
SC-1056,none
SC-1057,RUNTIME_OUT_OF_BAND
SC-1058,RUNTIME_OUT_OF_BAND
SC-1059,none
SC-1060,RUNTIME_OUT_OF_BAND
SC-1061,none
SC-1062,RUNTIME_OUT_OF_BAND
SC-1063,RUNTIME_OUT_OF_BAND
SC-1064,none
SC-1065,RUNTIME_OUT_OF_BAND
SC-1066,none
SC-1067,RUNTIME_OUT_OF_BAND
SC-1068,RUNTIME_OUT_OF_BAND
SC-1069,none
SC-1070,RUNTIME_OUT_OF_BAND
SC-1071,none
SC-1072,RUNTIME_OUT_OF_BAND
SC-1073,RUNTIME_OUT_OF_BAND
SC-1074,none
SC-1075,RUNTIME_OUT_OF_BAND
SC-1076,none
SC-1077,RUNTIME_OUT_OF_BAND
SC-1078,RUNTIME_OUT_OF_BAND
SC-1079,none
SC-1080,RUNTIME_OUT_OF_BAND
SC-1081,none
SC-1082,RUNTIME_OUT_OF_BAND
SC-1083,RUNTIME_OUT_OF_BAND
SC-1084,none
SC-1085,RUNTIME_OUT_OF_BAND
SC-1086,none
SC-1087,RUNTIME_OUT_OF_BAND
SC-1088,RUNTIME_OUT_OF_BAND
SC-1089,none
SC-1090,RUNTIME_OUT_OF_BAND
SC-1091,none
SC-1092,RUNTIME_OUT_OF_BAND
SC-1093,RUNTIME_OUT_OF_BAND
SC-1094,none
SC-1095,RUNTIME_OUT_OF_BAND
SC-1096,none
SC-1097,RUNTIME_OUT_OF_BAND
SC-1098,RUNTIME_OUT_OF_BAND
SC-1099,none
SC-1100,RUNTIME_OUT_OF_BAND
SC-1101,none
SC-1102,RUNTIME_OUT_OF_BAND
SC-1103,RUNTIME_OUT_OF_BAND
SC-1104,none
SC-1105,RUNTIME_OUT_OF_BAND
SC-1106,none
SC-1107,RUNTIME_OUT_OF_BAND
SC-1108,RUNTIME_OUT_OF_BAND
SC-1109,none
SC-1110,RUNTIME_OUT_OF_BAND
SC-1111,none
SC-1112,RUNTIME_OUT_OF_BAND
SC-1113,RUNTIME_OUT_OF_BAND
SC-1114,none
SC-1115,RUNTIME_OUT_OF_BAND
SC-1116,none
SC-1117,RUNTIME_OUT_OF_BAND
SC-1118,RUNTIME_OUT_OF_BAND
SC-1119,none
SC-1120,RUNTIME_OUT_OF_BAND
SC-1121,none
SC-1122,RUNTIME_OUT_OF_BAND
SC-1123,RUNTIME_OUT_OF_BAND
SC-1124,none
SC-1125,RUNTIME_OUT_OF_BAND
SC-1126,none
SC-1127,RUNTIME_OUT_OF_BAND
SC-1128,RUNTIME_OUT_OF_BAND
SC-1129,none
SC-1130,RUNTIME_OUT_OF_BAND
SC-1131,none
SC-1132,RUNTIME_OUT_OF_BAND
SC-1133,RUNTIME_OUT_OF_BAND
SC-1134,none
SC-1135,RUNTIME_OUT_OF_BAND
SC-1136,none
SC-1137,RUNTIME_OUT_OF_BAND
SC-1138,RUNTIME_OUT_OF_BAND
SC-1139,none
SC-1140,RUNTIME_OUT_OF_BAND
SC-1141,none
SC-1142,RUNTIME_OUT_OF_BAND
SC-1143,RUNTIME_OUT_OF_BAND
SC-1144,none
SC-1145,RUNTIME_OUT_OF_BAND
SC-1146,none
SC-1147,RUNTIME_OUT_OF_BAND
SC-1148,RUNTIME_OUT_OF_BAND
SC-1149,none
SC-1150,RUNTIME_OUT_OF_BAND
SC-1151,none
SC-1152,RUNTIME_OUT_OF_BAND
SC-1153,RUNTIME_OUT_OF_BAND
SC-1154,none
SC-1155,RUNTIME_OUT_OF_BAND
SC-1156,none
SC-1157,RUNTIME_OUT_OF_BAND
SC-1158,RUNTIME_OUT_OF_BAND
SC-1159,none
SC-1160,RUNTIME_OUT_OF_BAND
SC-1161,none
SC-1162,RUNTIME_OUT_OF_BAND
SC-1163,RUNTIME_OUT_OF_BAND
SC-1164,none
SC-1165,RUNTIME_OUT_OF_BAND
SC-1166,none
SC-1167,RUNTIME_OUT_OF_BAND
SC-1168,RUNTIME_OUT_OF_BAND
SC-1169,none
SC-1170,RUNTIME_OUT_OF_BAND
SC-1171,none
SC-1172,RUNTIME_OUT_OF_BAND
SC-1173,RUNTIME_OUT_OF_BAND
SC-1174,none
SC-1175,RUNTIME_OUT_OF_BAND
SC-1176,none
SC-1177,RUNTIME_OUT_OF_BAND
SC-1178,RUNTIME_OUT_OF_BAND
SC-1179,none
SC-1180,RUNTIME_OUT_OF_BAND
SC-1181,ON_HOLD
SC-1182,ON_HOLD
SC-1183,ON_HOLD
SC-1184,ON_HOLD
SC-1185,ON_HOLD
SC-1186,RETIRED
SC-1187,RETIRED
SC-1188,RETIRED
SC-1189,RETIRED
SC-1190,OUT_OF_WINDOW
SC-1191,OUT_OF_WINDOW
SC-1192,OUT_OF_WINDOW
SC-1193,NEGATION_PIVOT_USED
SC-1194,NEGATION_PIVOT_USED
SC-1195,UNCITED_SCRIPTURE_REF
SC-1196,ON_HOLD
SC-1197,ON_HOLD
SC-1198,ON_HOLD
SC-1199,ON_HOLD
SC-1200,ON_HOLD
SC-1201,ON_HOLD
SC-1202,ON_HOLD
SC-1203,ON_HOLD
SC-1204,ON_HOLD
SC-1205,ON_HOLD
SC-1206,RETIRED
SC-1207,RETIRED
SC-1208,RETIRED
SC-1209,RETIRED
SC-1210,RETIRED
SC-1211,RETIRED
SC-1212,OUT_OF_WINDOW
SC-1213,OUT_OF_WINDOW
SC-1214,OUT_OF_WINDOW
SC-1215,NEGATION_PIVOT_USED
SC-1216,NEGATION_PIVOT_USED
SC-1217,NEGATION_PIVOT_USED
SC-1218,none
SC-1219,NEGATION_PIVOT_USED
SC-1220,NEGATION_PIVOT_USED
SC-1221,NEGATION_PIVOT_USED
SC-1222,none
SC-1223,NEGATION_PIVOT_USED
SC-1224,NEGATION_PIVOT_USED
SC-1225,NEGATION_PIVOT_USED
SC-1226,none
SC-1227,NEGATION_PIVOT_USED
SC-1228,NEGATION_PIVOT_USED
SC-1229,NEGATION_PIVOT_USED
SC-1230,none
SC-1231,NEGATION_PIVOT_USED
SC-1232,NEGATION_PIVOT_USED
SC-1233,NEGATION_PIVOT_USED
SC-1234,none
SC-1235,NEGATION_PIVOT_USED
SC-1236,NEGATION_PIVOT_USED
SC-1237,NEGATION_PIVOT_USED
SC-1238,none
SC-1239,NEGATION_PIVOT_USED
SC-1240,NEGATION_PIVOT_USED
SC-1241,NEGATION_PIVOT_USED
SC-1242,none
SC-1243,NEGATION_PIVOT_USED
SC-1244,NEGATION_PIVOT_USED
SC-1245,NEGATION_PIVOT_USED
SC-1246,none
SC-1247,NEGATION_PIVOT_USED
SC-1248,NEGATION_PIVOT_USED
SC-1249,NEGATION_PIVOT_USED
SC-1250,none
SC-1251,NEGATION_PIVOT_USED
SC-1252,NEGATION_PIVOT_USED
SC-1253,NEGATION_PIVOT_USED
SC-1254,none
SC-1255,NEGATION_PIVOT_USED
SC-1256,NEGATION_PIVOT_USED
SC-1257,NEGATION_PIVOT_USED
SC-1258,none
SC-1259,NEGATION_PIVOT_USED
SC-1260,NEGATION_PIVOT_USED
SC-1261,NEGATION_PIVOT_USED
SC-1262,none
SC-1263,NEGATION_PIVOT_USED
SC-1264,NEGATION_PIVOT_USED
SC-1265,NEGATION_PIVOT_USED
SC-1266,none
SC-1267,NEGATION_PIVOT_USED
SC-1268,NEGATION_PIVOT_USED
SC-1269,NEGATION_PIVOT_USED
SC-1270,none
SC-1271,NEGATION_PIVOT_USED
SC-1272,NEGATION_PIVOT_USED
SC-1273,NEGATION_PIVOT_USED
SC-1274,none
SC-1275,NEGATION_PIVOT_USED
SC-1276,NEGATION_PIVOT_USED
SC-1277,NEGATION_PIVOT_USED
SC-1278,none
SC-1279,NEGATION_PIVOT_USED
SC-1280,NEGATION_PIVOT_USED
SC-1281,NEGATION_PIVOT_USED
SC-1282,none
SC-1283,NEGATION_PIVOT_USED
SC-1284,NEGATION_PIVOT_USED
SC-1285,NEGATION_PIVOT_USED
SC-1286,none
SC-1287,NEGATION_PIVOT_USED
SC-1288,NEGATION_PIVOT_USED
SC-1289,NEGATION_PIVOT_USED
SC-1290,none
SC-1291,NEGATION_PIVOT_USED
SC-1292,NEGATION_PIVOT_USED
SC-1293,NEGATION_PIVOT_USED
SC-1294,none
SC-1295,NEGATION_PIVOT_USED
SC-1296,NEGATION_PIVOT_USED
SC-1297,NEGATION_PIVOT_USED
SC-1298,none
SC-1299,NEGATION_PIVOT_USED
SC-1300,NEGATION_PIVOT_USED
SC-1301,NEGATION_PIVOT_USED
SC-1302,none
SC-1303,NEGATION_PIVOT_USED
SC-1304,NEGATION_PIVOT_USED
SC-1305,NEGATION_PIVOT_USED
SC-1306,none
SC-1307,NEGATION_PIVOT_USED
SC-1308,NEGATION_PIVOT_USED
SC-1309,NEGATION_PIVOT_USED
SC-1310,none
SC-1311,NEGATION_PIVOT_USED
SC-1312,NEGATION_PIVOT_USED
SC-1313,NEGATION_PIVOT_USED
SC-1314,none
SC-1315,NEGATION_PIVOT_USED
SC-1316,NEGATION_PIVOT_USED
SC-1317,NEGATION_PIVOT_USED
SC-1318,none
SC-1319,NEGATION_PIVOT_USED
SC-1320,NEGATION_PIVOT_USED
SC-1321,NEGATION_PIVOT_USED
SC-1322,none
SC-1323,NEGATION_PIVOT_USED
SC-1324,NEGATION_PIVOT_USED
SC-1325,NEGATION_PIVOT_USED
SC-1326,none
SC-1327,NEGATION_PIVOT_USED
SC-1328,NEGATION_PIVOT_USED
SC-1329,NEGATION_PIVOT_USED
SC-1330,none
SC-1331,NEGATION_PIVOT_USED
SC-1332,NEGATION_PIVOT_USED
SC-1333,NEGATION_PIVOT_USED
SC-1334,none
SC-1335,NEGATION_PIVOT_USED
SC-1336,NEGATION_PIVOT_USED
SC-1337,NEGATION_PIVOT_USED
SC-1338,none
SC-1339,NEGATION_PIVOT_USED
SC-1340,NEGATION_PIVOT_USED
SC-1341,NEGATION_PIVOT_USED
SC-1342,none
SC-1343,NEGATION_PIVOT_USED
SC-1344,NEGATION_PIVOT_USED
SC-1345,NEGATION_PIVOT_USED
SC-1346,none
SC-1347,NEGATION_PIVOT_USED
SC-1348,NEGATION_PIVOT_USED
SC-1349,NEGATION_PIVOT_USED
SC-1350,none
SC-1351,NEGATION_PIVOT_USED
SC-1352,NEGATION_PIVOT_USED
SC-1353,NEGATION_PIVOT_USED
SC-1354,none
SC-1355,NEGATION_PIVOT_USED
SC-1356,NEGATION_PIVOT_USED
SC-1357,NEGATION_PIVOT_USED
SC-1358,none
SC-1359,NEGATION_PIVOT_USED
SC-1360,NEGATION_PIVOT_USED
SC-1361,NEGATION_PIVOT_USED
SC-1362,none
SC-1363,NEGATION_PIVOT_USED
SC-1364,NEGATION_PIVOT_USED
SC-1365,NEGATION_PIVOT_USED
SC-1366,none
SC-1367,NEGATION_PIVOT_USED
SC-1368,NEGATION_PIVOT_USED
SC-1369,NEGATION_PIVOT_USED
SC-1370,none
SC-1371,NEGATION_PIVOT_USED
SC-1372,NEGATION_PIVOT_USED
SC-1373,NEGATION_PIVOT_USED
SC-1374,none
SC-1375,NEGATION_PIVOT_USED
SC-1376,NEGATION_PIVOT_USED
SC-1377,NEGATION_PIVOT_USED
SC-1378,none
SC-1379,NEGATION_PIVOT_USED
SC-1380,NEGATION_PIVOT_USED
SC-1381,NEGATION_PIVOT_USED
SC-1382,none
SC-1383,NEGATION_PIVOT_USED
SC-1384,NEGATION_PIVOT_USED
SC-1385,NEGATION_PIVOT_USED
SC-1386,none
SC-1387,NEGATION_PIVOT_USED
SC-1388,NEGATION_PIVOT_USED
SC-1389,NEGATION_PIVOT_USED
SC-1390,none
SC-1391,NEGATION_PIVOT_USED
SC-1392,none
SC-1393,none
SC-1394,none
SC-1395,none
SC-1396,none
SC-1397,none
SC-1398,none
SC-1399,none
SC-1400,NEGATION_PIVOT_USED
SC-1401,NEGATION_PIVOT_USED
SC-1402,none
SC-1403,NEGATION_PIVOT_USED
SC-1404,NEGATION_PIVOT_USED
SC-1405,NEGATION_PIVOT_USED
SC-1406,none
SC-1407,NEGATION_PIVOT_USED
SC-1408,NEGATION_PIVOT_USED
SC-1409,NEGATION_PIVOT_USED
SC-1410,none
SC-1411,NEGATION_PIVOT_USED
SC-1412,NEGATION_PIVOT_USED
SC-1413,NEGATION_PIVOT_USED
SC-1414,none
SC-1415,NEGATION_PIVOT_USED
SC-1416,NEGATION_PIVOT_USED
SC-1417,NEGATION_PIVOT_USED
SC-1418,none
SC-1419,NEGATION_PIVOT_USED
SC-1420,NEGATION_PIVOT_USED
SC-1421,NEGATION_PIVOT_USED
SC-1422,none
SC-1423,NEGATION_PIVOT_USED
SC-1424,NEGATION_PIVOT_USED
SC-1425,NEGATION_PIVOT_USED
SC-1426,none
SC-1427,NEGATION_PIVOT_USED
SC-1428,NEGATION_PIVOT_USED
SC-1429,NEGATION_PIVOT_USED
SC-1430,none
SC-1431,NEGATION_PIVOT_USED
SC-1432,NEGATION_PIVOT_USED
SC-1433,NEGATION_PIVOT_USED
SC-1434,none
SC-1435,NEGATION_PIVOT_USED
SC-1436,NEGATION_PIVOT_USED
SC-1437,NEGATION_PIVOT_USED
SC-1438,none
SC-1439,NEGATION_PIVOT_USED
SC-1440,NEGATION_PIVOT_USED
SC-1441,NEGATION_PIVOT_USED
SC-1442,none
SC-1443,NEGATION_PIVOT_USED
SC-1444,NEGATION_PIVOT_USED
SC-1445,NEGATION_PIVOT_USED
SC-1446,none
SC-1447,NEGATION_PIVOT_USED
SC-1448,NEGATION_PIVOT_USED
SC-1449,NEGATION_PIVOT_USED
SC-1450,none
SC-1451,NEGATION_PIVOT_USED
SC-1452,NEGATION_PIVOT_USED
SC-1453,NEGATION_PIVOT_USED
SC-1454,none
SC-1455,NEGATION_PIVOT_USED
SC-1456,NEGATION_PIVOT_USED
SC-1457,NEGATION_PIVOT_USED
SC-1458,none
SC-1459,NEGATION_PIVOT_USED
SC-1460,NEGATION_PIVOT_USED
SC-1461,NEGATION_PIVOT_USED
SC-1462,none
SC-1463,NEGATION_PIVOT_USED
SC-1464,NEGATION_PIVOT_USED
SC-1465,NEGATION_PIVOT_USED
SC-1466,none
SC-1467,NEGATION_PIVOT_USED
SC-1468,NEGATION_PIVOT_USED
SC-1469,NEGATION_PIVOT_USED
SC-1470,none
SC-1471,NEGATION_PIVOT_USED
SC-1472,NEGATION_PIVOT_USED
SC-1473,NEGATION_PIVOT_USED
SC-1474,none
SC-1475,NEGATION_PIVOT_USED
SC-1476,NEGATION_PIVOT_USED
SC-1477,NEGATION_PIVOT_USED
SC-1478,none
SC-1479,NEGATION_PIVOT_USED
SC-1480,NEGATION_PIVOT_USED
SC-1481,NEGATION_PIVOT_USED
SC-1482,none
SC-1483,NEGATION_PIVOT_USED
SC-1484,NEGATION_PIVOT_USED
SC-1485,NEGATION_PIVOT_USED
SC-1486,none
SC-1487,NEGATION_PIVOT_USED
SC-1488,NEGATION_PIVOT_USED
SC-1489,NEGATION_PIVOT_USED
SC-1490,none
SC-1491,NEGATION_PIVOT_USED
SC-1492,NEGATION_PIVOT_USED
SC-1493,NEGATION_PIVOT_USED
SC-1494,none
SC-1495,NEGATION_PIVOT_USED
SC-1496,NEGATION_PIVOT_USED
SC-1497,NEGATION_PIVOT_USED
SC-1498,none
SC-1499,NEGATION_PIVOT_USED
SC-1500,NEGATION_PIVOT_USED
SC-1501,NEGATION_PIVOT_USED
SC-1502,none
SC-1503,NEGATION_PIVOT_USED
SC-1504,none
SC-1505,none
SC-1506,none
SC-1507,none
SC-1508,none
SC-1509,none
SC-1510,none
SC-1511,none
SC-1512,none
SC-1513,none
SC-1514,none
SC-1515,none
SC-1516,none
SC-1517,none
SC-1518,none
SC-1519,none
SC-1520,none
SC-1521,none
SC-1522,none
SC-1523,none
SC-1524,none
SC-1525,none
SC-1526,none
SC-1527,none
SC-1528,none
SC-1529,none
SC-1530,none
SC-1531,none
SC-1532,none
SC-1533,none
SC-1534,none
SC-1535,none
SC-1536,none
SC-1537,none
SC-1538,none
SC-1539,none
SC-1540,none
SC-1541,none
SC-1542,none
SC-1543,none
SC-1544,none
SC-1545,none
SC-1546,none
SC-1547,none
SC-1548,none
SC-1549,none
SC-1550,none
SC-1551,none
SC-1552,none
SC-1553,none
SC-1554,none
SC-1555,none
SC-1556,none
SC-1557,none
SC-1558,none
SC-1559,none
SC-1560,none
SC-1561,none
SC-1562,none
SC-1563,none
SC-1564,none
SC-1565,none
SC-1566,none
SC-1567,none
SC-1568,ON_HOLD
SC-1569,OUT_OF_WINDOW
SC-1570,OUT_OF_WINDOW
SC-1571,ON_HOLD
SC-1572,NEGATION_PIVOT_USED
SC-1573,NEGATION_PIVOT_USED
SC-1574,ON_HOLD
SC-1575,NEGATION_PIVOT_USED
SC-1576,NEGATION_PIVOT_USED
SC-1577,ON_HOLD
SC-1578,NEGATION_PIVOT_USED
SC-1579,NEGATION_PIVOT_USED
SC-1580,ON_HOLD
SC-1581,OUT_OF_WINDOW
SC-1582,OUT_OF_WINDOW
SC-1583,ON_HOLD
SC-1584,NEGATION_PIVOT_USED
SC-1585,NEGATION_PIVOT_USED
SC-1586,ON_HOLD
SC-1587,NEGATION_PIVOT_USED
SC-1588,NEGATION_PIVOT_USED
SC-1589,ON_HOLD
SC-1590,NEGATION_PIVOT_USED
SC-1591,NEGATION_PIVOT_USED
SC-1592,ON_HOLD
SC-1593,OUT_OF_WINDOW
SC-1594,OUT_OF_WINDOW
SC-1595,ON_HOLD
SC-1596,NEGATION_PIVOT_USED
SC-1597,NEGATION_PIVOT_USED
SC-1598,ON_HOLD
SC-1599,NEGATION_PIVOT_USED
SC-1600,NEGATION_PIVOT_USED
SC-1601,ON_HOLD
SC-1602,NEGATION_PIVOT_USED
SC-1603,NEGATION_PIVOT_USED
SC-1604,ON_HOLD
SC-1605,OUT_OF_WINDOW
SC-1606,OUT_OF_WINDOW
SC-1607,ON_HOLD
SC-1608,NEGATION_PIVOT_USED
SC-1609,NEGATION_PIVOT_USED
SC-1610,ON_HOLD
SC-1611,NEGATION_PIVOT_USED
SC-1612,NEGATION_PIVOT_USED
SC-1613,ON_HOLD
SC-1614,NEGATION_PIVOT_USED
SC-1615,NEGATION_PIVOT_USED
SC-1616,ON_HOLD
SC-1617,OUT_OF_WINDOW
SC-1618,OUT_OF_WINDOW
SC-1619,ON_HOLD
SC-1620,UNCITED_SCRIPTURE_REF
SC-1621,UNCITED_SCRIPTURE_REF
SC-1622,ON_HOLD
SC-1623,UNCITED_SCRIPTURE_REF
SC-1624,UNCITED_SCRIPTURE_REF
SC-1625,ON_HOLD
SC-1626,UNCITED_SCRIPTURE_REF
SC-1627,UNCITED_SCRIPTURE_REF
SC-1628,ON_HOLD
SC-1629,OUT_OF_WINDOW
SC-1630,OUT_OF_WINDOW
SC-1631,ON_HOLD
SC-1632,none
SC-1633,none
SC-1634,ON_HOLD
SC-1635,none
SC-1636,none
SC-1637,ON_HOLD
SC-1638,none
SC-1639,none
SC-1640,ON_HOLD
SC-1641,OUT_OF_WINDOW
SC-1642,OUT_OF_WINDOW
SC-1643,ON_HOLD
SC-1644,none
SC-1645,none
SC-1646,ON_HOLD
SC-1647,none
SC-1648,none
SC-1649,ON_HOLD
SC-1650,none
SC-1651,none
SC-1652,ON_HOLD
SC-1653,OUT_OF_WINDOW
SC-1654,OUT_OF_WINDOW
SC-1655,ON_HOLD
SC-1656,none
SC-1657,none
SC-1658,ON_HOLD
SC-1659,none
SC-1660,none
SC-1661,ON_HOLD
SC-1662,none
SC-1663,none
SC-1664,ON_HOLD
SC-1665,OUT_OF_WINDOW
SC-1666,OUT_OF_WINDOW
SC-1667,ON_HOLD
SC-1668,NEGATION_PIVOT_USED
SC-1669,NEGATION_PIVOT_USED
SC-1670,ON_HOLD
SC-1671,NEGATION_PIVOT_USED
SC-1672,NEGATION_PIVOT_USED
SC-1673,ON_HOLD
SC-1674,NEGATION_PIVOT_USED
SC-1675,NEGATION_PIVOT_USED
SC-1676,ON_HOLD
SC-1677,OUT_OF_WINDOW
SC-1678,OUT_OF_WINDOW
SC-1679,ON_HOLD
SC-1680,NEGATION_PIVOT_USED
SC-1681,NEGATION_PIVOT_USED
SC-1682,ON_HOLD
SC-1683,NEGATION_PIVOT_USED
SC-1684,NEGATION_PIVOT_USED
SC-1685,ON_HOLD
SC-1686,NEGATION_PIVOT_USED
SC-1687,NEGATION_PIVOT_USED
SC-1688,ON_HOLD
SC-1689,OUT_OF_WINDOW
SC-1690,OUT_OF_WINDOW
SC-1691,ON_HOLD
SC-1692,NEGATION_PIVOT_USED
SC-1693,NEGATION_PIVOT_USED
SC-1694,ON_HOLD
SC-1695,NEGATION_PIVOT_USED
SC-1696,NEGATION_PIVOT_USED
SC-1697,ON_HOLD
SC-1698,NEGATION_PIVOT_USED
SC-1699,NEGATION_PIVOT_USED
SC-1700,ON_HOLD
SC-1701,OUT_OF_WINDOW
SC-1702,OUT_OF_WINDOW
SC-1703,ON_HOLD
SC-1704,NEGATION_PIVOT_USED
SC-1705,NEGATION_PIVOT_USED
SC-1706,ON_HOLD
SC-1707,NEGATION_PIVOT_USED
SC-1708,NEGATION_PIVOT_USED
SC-1709,ON_HOLD
SC-1710,NEGATION_PIVOT_USED
SC-1711,NEGATION_PIVOT_USED
SC-1712,ON_HOLD
SC-1713,OUT_OF_WINDOW
SC-1714,OUT_OF_WINDOW
SC-1715,ON_HOLD
SC-1716,NEGATION_PIVOT_USED
SC-1717,NEGATION_PIVOT_USED
SC-1718,ON_HOLD
SC-1719,NEGATION_PIVOT_USED
SC-1720,NEGATION_PIVOT_USED
SC-1721,ON_HOLD
SC-1722,NEGATION_PIVOT_USED
SC-1723,NEGATION_PIVOT_USED
SC-1724,ON_HOLD
SC-1725,OUT_OF_WINDOW
SC-1726,OUT_OF_WINDOW
SC-1727,ON_HOLD
SC-1728,NEGATION_PIVOT_USED
SC-1729,NEGATION_PIVOT_USED
SC-1730,ON_HOLD
SC-1731,NEGATION_PIVOT_USED
SC-1732,NEGATION_PIVOT_USED
SC-1733,ON_HOLD
SC-1734,NEGATION_PIVOT_USED
SC-1735,NEGATION_PIVOT_USED
SC-1736,ON_HOLD
SC-1737,OUT_OF_WINDOW
SC-1738,OUT_OF_WINDOW
SC-1739,ON_HOLD
SC-1740,NEGATION_PIVOT_USED
SC-1741,NEGATION_PIVOT_USED
SC-1742,ON_HOLD
SC-1743,NEGATION_PIVOT_USED
SC-1744,NEGATION_PIVOT_USED
SC-1745,ON_HOLD
SC-1746,NEGATION_PIVOT_USED
SC-1747,NEGATION_PIVOT_USED
SC-1748,ON_HOLD
SC-1749,OUT_OF_WINDOW
SC-1750,OUT_OF_WINDOW
SC-1751,ON_HOLD
SC-1752,NEGATION_PIVOT_USED
SC-1753,NEGATION_PIVOT_USED
SC-1754,ON_HOLD
SC-1755,NEGATION_PIVOT_USED
SC-1756,NEGATION_PIVOT_USED
SC-1757,ON_HOLD
SC-1758,NEGATION_PIVOT_USED
SC-1759,NEGATION_PIVOT_USED
SC-1760,ON_HOLD
SC-1761,OUT_OF_WINDOW
SC-1762,OUT_OF_WINDOW
SC-1763,ON_HOLD
SC-1764,UNCITED_SCRIPTURE_REF
SC-1765,UNCITED_SCRIPTURE_REF
SC-1766,ON_HOLD
SC-1767,UNCITED_SCRIPTURE_REF
SC-1768,NEGATION_PIVOT_USED
SC-1769,UNCITED_SCRIPTURE_REF
SC-1770,NEGATION_PIVOT_USED
SC-1771,UNCITED_SCRIPTURE_REF
SC-1772,NEGATION_PIVOT_USED
SC-1773,RUNTIME_OUT_OF_BAND
SC-1774,NEGATION_PIVOT_USED
SC-1775,RUNTIME_OUT_OF_BAND
SC-1776,NEGATION_PIVOT_USED
SC-1777,RUNTIME_OUT_OF_BAND
SC-1778,NEGATION_PIVOT_USED
SC-1779,RUNTIME_OUT_OF_BAND
SC-1780,NEGATION_PIVOT_USED
SC-1781,RUNTIME_OUT_OF_BAND
SC-1782,NEGATION_PIVOT_USED
SC-1783,RUNTIME_OUT_OF_BAND
SC-1784,NEGATION_PIVOT_USED
SC-1785,UNCITED_SCRIPTURE_REF
SC-1786,NEGATION_PIVOT_USED
SC-1787,UNCITED_SCRIPTURE_REF
SC-1788,NEGATION_PIVOT_USED
SC-1789,none
SC-1790,NEGATION_PIVOT_USED
SC-1791,none
SC-1792,NEGATION_PIVOT_USED
SC-1793,none
SC-1794,NEGATION_PIVOT_USED
SC-1795,none
SC-1796,NEGATION_PIVOT_USED
SC-1797,none
SC-1798,NEGATION_PIVOT_USED
SC-1799,none
SC-1800,NEGATION_PIVOT_USED
SC-1801,UNCITED_SCRIPTURE_REF
SC-1802,NEGATION_PIVOT_USED
SC-1803,UNCITED_SCRIPTURE_REF
SC-1804,NEGATION_PIVOT_USED
SC-1805,RUNTIME_OUT_OF_BAND
SC-1806,NEGATION_PIVOT_USED
SC-1807,RUNTIME_OUT_OF_BAND
SC-1808,NEGATION_PIVOT_USED
SC-1809,RUNTIME_OUT_OF_BAND
SC-1810,NEGATION_PIVOT_USED
SC-1811,RUNTIME_OUT_OF_BAND
SC-1812,NEGATION_PIVOT_USED
SC-1813,RUNTIME_OUT_OF_BAND
SC-1814,NEGATION_PIVOT_USED
SC-1815,RUNTIME_OUT_OF_BAND
SC-1816,NEGATION_PIVOT_USED
SC-1817,UNCITED_SCRIPTURE_REF
SC-1818,NEGATION_PIVOT_USED
SC-1819,UNCITED_SCRIPTURE_REF
SC-1820,NEGATION_PIVOT_USED
SC-1821,none
SC-1822,NEGATION_PIVOT_USED
SC-1823,none
SC-1824,NEGATION_PIVOT_USED
SC-1825,none
SC-1826,NEGATION_PIVOT_USED
SC-1827,none
SC-1828,NEGATION_PIVOT_USED
SC-1829,none
SC-1830,NEGATION_PIVOT_USED
SC-1831,none
SC-1832,ON_HOLD
SC-1833,ON_HOLD
SC-1834,ON_HOLD
SC-1835,ON_HOLD
SC-1836,ON_HOLD
SC-1837,ON_HOLD
SC-1838,ON_HOLD
SC-1839,ON_HOLD
SC-1840,ON_HOLD
SC-1841,ON_HOLD
SC-1842,ON_HOLD
SC-1843,ON_HOLD
SC-1844,ON_HOLD
SC-1845,ON_HOLD
SC-1846,ON_HOLD
SC-1847,ON_HOLD
SC-1848,ON_HOLD
SC-1849,ON_HOLD
SC-1850,ON_HOLD
SC-1851,ON_HOLD
SC-1852,ON_HOLD
SC-1853,ON_HOLD
SC-1854,ON_HOLD
SC-1855,ON_HOLD
SC-1856,ON_HOLD
SC-1857,ON_HOLD
SC-1858,ON_HOLD
SC-1859,ON_HOLD
SC-1860,ON_HOLD
SC-1861,ON_HOLD
SC-1862,ON_HOLD
SC-1863,ON_HOLD
SC-1864,ON_HOLD
SC-1865,ON_HOLD
SC-1866,ON_HOLD
SC-1867,ON_HOLD
SC-1868,ON_HOLD
SC-1869,ON_HOLD
SC-1870,ON_HOLD
SC-1871,ON_HOLD
SC-1872,ON_HOLD
SC-1873,ON_HOLD
SC-1874,ON_HOLD
SC-1875,ON_HOLD
SC-1876,ON_HOLD
SC-1877,ON_HOLD
SC-1878,ON_HOLD
SC-1879,ON_HOLD
SC-1880,RETIRED
SC-1881,RETIRED
SC-1882,RETIRED
SC-1883,RETIRED
SC-1884,RETIRED
SC-1885,RETIRED
SC-1886,RETIRED
SC-1887,RETIRED
SC-1888,RETIRED
SC-1889,RETIRED
SC-1890,RETIRED
SC-1891,RETIRED
SC-1892,RETIRED
SC-1893,RETIRED
SC-1894,RETIRED
SC-1895,RETIRED
SC-1896,OUT_OF_WINDOW
SC-1897,OUT_OF_WINDOW
SC-1898,OUT_OF_WINDOW
SC-1899,OUT_OF_WINDOW
SC-1900,NEGATION_PIVOT_USED
SC-1901,none
SC-1902,NEGATION_PIVOT_USED
SC-1903,none
SC-1904,NEGATION_PIVOT_USED
SC-1905,none
SC-1906,NEGATION_PIVOT_USED
SC-1907,none
SC-1908,NEGATION_PIVOT_USED
SC-1909,none
SC-1910,NEGATION_PIVOT_USED
SC-1911,none
SC-1912,OUT_OF_WINDOW
SC-1913,OUT_OF_WINDOW
SC-1914,OUT_OF_WINDOW
SC-1915,OUT_OF_WINDOW
SC-1916,NEGATION_PIVOT_USED
SC-1917,none
SC-1918,NEGATION_PIVOT_USED
SC-1919,none
SC-1920,NEGATION_PIVOT_USED
SC-1921,none
SC-1922,NEGATION_PIVOT_USED
SC-1923,none
SC-1924,NEGATION_PIVOT_USED
SC-1925,none
SC-1926,NEGATION_PIVOT_USED
SC-1927,none
SC-1928,RETIRED
SC-1929,RETIRED
SC-1930,RETIRED
SC-1931,RETIRED
SC-1932,RETIRED
SC-1933,RETIRED
SC-1934,RETIRED
SC-1935,RETIRED
SC-1936,RETIRED
SC-1937,RETIRED
SC-1938,RETIRED
SC-1939,RETIRED
SC-1940,RETIRED
SC-1941,RETIRED
SC-1942,RETIRED
SC-1943,RETIRED
SC-1944,OUT_OF_WINDOW
SC-1945,OUT_OF_WINDOW
SC-1946,OUT_OF_WINDOW
SC-1947,OUT_OF_WINDOW
SC-1948,NEGATION_PIVOT_USED
SC-1949,none
SC-1950,NEGATION_PIVOT_USED
SC-1951,none
SC-1952,NEGATION_PIVOT_USED
SC-1953,none
SC-1954,NEGATION_PIVOT_USED
SC-1955,none
SC-1956,NEGATION_PIVOT_USED
SC-1957,none
SC-1958,NEGATION_PIVOT_USED
SC-1959,none
SC-1960,OUT_OF_WINDOW
SC-1961,OUT_OF_WINDOW
SC-1962,OUT_OF_WINDOW
SC-1963,OUT_OF_WINDOW
SC-1964,NEGATION_PIVOT_USED
SC-1965,none
SC-1966,NEGATION_PIVOT_USED
SC-1967,none
SC-1968,NEGATION_PIVOT_USED
SC-1969,none
SC-1970,NEGATION_PIVOT_USED
SC-1971,none
SC-1972,NEGATION_PIVOT_USED
SC-1973,none
SC-1974,NEGATION_PIVOT_USED
SC-1975,none
SC-1976,ON_HOLD
SC-1977,ON_HOLD
SC-1978,ON_HOLD
SC-1979,ON_HOLD
SC-1980,ON_HOLD
SC-1981,ON_HOLD
SC-1982,ON_HOLD
SC-1983,ON_HOLD
SC-1984,ON_HOLD
SC-1985,ON_HOLD
SC-1986,ON_HOLD
SC-1987,ON_HOLD
SC-1988,ON_HOLD
SC-1989,ON_HOLD
SC-1990,ON_HOLD
SC-1991,ON_HOLD
SC-1992,ON_HOLD
SC-1993,ON_HOLD
SC-1994,ON_HOLD
SC-1995,ON_HOLD
SC-1996,ON_HOLD
SC-1997,ON_HOLD
SC-1998,ON_HOLD
SC-1999,ON_HOLD
SC-2000,ON_HOLD
SC-2001,ON_HOLD
SC-2002,ON_HOLD
SC-2003,ON_HOLD
SC-2004,ON_HOLD
SC-2005,ON_HOLD
SC-2006,ON_HOLD
SC-2007,ON_HOLD
SC-2008,RETIRED
SC-2009,RETIRED
SC-2010,RETIRED
SC-2011,RETIRED
SC-2012,RETIRED
SC-2013,RETIRED
SC-2014,RETIRED
SC-2015,RETIRED
SC-2016,RETIRED
SC-2017,RETIRED
SC-2018,RETIRED
SC-2019,RETIRED
SC-2020,RETIRED
SC-2021,RETIRED
SC-2022,RETIRED
SC-2023,RETIRED
SC-2024,OUT_OF_WINDOW
SC-2025,OUT_OF_WINDOW
SC-2026,OUT_OF_WINDOW
SC-2027,OUT_OF_WINDOW
SC-2028,OUT_OF_WINDOW
SC-2029,OUT_OF_WINDOW
SC-2030,OUT_OF_WINDOW
SC-2031,OUT_OF_WINDOW
SC-2032,NEGATION_PIVOT_USED
SC-2033,UNCITED_SCRIPTURE_REF
SC-2034,NEGATION_PIVOT_USED
SC-2035,UNCITED_SCRIPTURE_REF
SC-2036,NEGATION_PIVOT_USED
SC-2037,RUNTIME_OUT_OF_BAND
SC-2038,NEGATION_PIVOT_USED
SC-2039,none
