script_id,band
SC-01,standard
SC-02,standard
SC-03,standard
SC-04,standard
SC-05,standard
SC-06,standard
SC-07,standard
SC-08,standard
SC-09,standard
SC-10,standard
SC-11,extended
SC-12,extended
SC-13,standard
SC-14,extended
SC-15,standard
SC-16,standard
SC-17,standard
SC-18,extended
SC-19,standard
SC-20,standard
SC-21,standard
SC-22,standard
SC-23,standard
SC-24,standard
SC-25, EXTENDED 
SC-26,standard
SC-27,standard
SC-28,standard
SC-29,standard
SC-30,standard
SC-31,standard
SC-32,standard
SC-33,standard
SC-34,standard
SC-35,standard
SC-36,standard
SC-37,standard
SC-38,standard
SC-39,standard
SC-40,standard
SC-41,standard
SC-42,standard
SC-43,standard
SC-44,standard
SC-45,standard
SC-46,standard
SC-47,standard
SC-48,standard
SC-49,standard
SC-50,extended
SC-51,standard
SC-52,standard
SC-53,standard
SC-54,standard
SC-55,standard
SC-56,standard
SC-57,standard
SC-58,standard
SC-59,standard
SC-60,standard
SC-61,extended
SC-62,standard
SC-63,standard
SC-64,standard
SC-81,standard
SC-82,standard
SC-83,standard
SC-84,standard
SC-85,standard
SC-86,standard
SC-87,standard
SC-88,standard
SC-89,standard
SC-90,extended
SC-91,standard
SC-92,standard
SC-93,standard
SC-94,standard
SC-95,standard
SC-96,standard
SC-97,extended
SC-98,standard
SC-99,extended
SC-100,standard
SC-101,standard
SC-102,standard
SC-103,standard
SC-104,standard
SC-105,standard
SC-106,standard
SC-107,standard
SC-108,standard
SC-109,standard
SC-110,standard
SC-111,standard
SC-112,standard
SC-113,standard
SC-113,extended
SC-114,extended
SC-114,standard
SC-115,standard
SC-116,standard
SC-117,standard
SC-118,standard
SC-119,standard
SC-120,standard
SC-121,standard
SC-122,standard
SC-123,standard
SC-124,standard
SC-125,standard
SC-126,standard
SC-127,standard
SC-128,standard
SC-129,standard
SC-130,standard
SC-131,standard
SC-132,standard
SC-133,standard
SC-134,standard
SC-135,standard
SC-136,standard
SC-137,standard
SC-138,standard
SC-139,standard
SC-140,standard
SC-141,standard
SC-142,standard
SC-143,standard
SC-144,standard
SC-145,standard
SC-146,standard
SC-147,standard
SC-148,standard
SC-149,standard
SC-150,standard
SC-151,standard
SC-152,standard
SC-153,standard
SC-154,standard
SC-155,standard
SC-156,standard
SC-157,standard
SC-158,standard
SC-159,standard
SC-160,standard
SC-161,standard
SC-162,standard
SC-163,standard
SC-164,standard
SC-165,standard
SC-166,standard
SC-167,standard
SC-168,standard
SC-169,standard
SC-170,standard
SC-171,standard
SC-172,standard
SC-173,standard
SC-174,standard
SC-175,standard
SC-176,standard
SC-177,standard
SC-178,standard
SC-179,standard
SC-180,standard
SC-181,standard
SC-182,standard
SC-183,standard
SC-184,standard
SC-185,standard
SC-186,standard
SC-187,standard
SC-188,standard
SC-189,standard
SC-190,standard
SC-191,standard
SC-192,standard
SC-193,standard
SC-194,standard
SC-195,standard
SC-196,standard
SC-197,standard
SC-198,standard
SC-199,standard
SC-200,standard
SC-201,standard
SC-202,standard
SC-203,standard
SC-204,standard
SC-205,extended
SC-206,extended
SC-207,extended
SC-208,extended
SC-209,standard
SC-210,standard
SC-211,extended
SC-212,extended
SC-213,extended
SC-214,extended
SC-215,standard
SC-216,standard
SC-217,standard
SC-218,standard
SC-219,standard
SC-220,standard
SC-221,standard
SC-222,standard
SC-223,standard
SC-224,standard
SC-225,standard
SC-226,standard
SC-227,standard
SC-228,standard
SC-229,standard
SC-230,standard
SC-231,standard
SC-232,standard
SC-233,standard
SC-234,standard
SC-235,standard
SC-236,standard
SC-237,standard
SC-238,standard
SC-239,standard
SC-240,extended
SC-241,extended
SC-242,standard
SC-243,standard
SC-244,standard
SC-245,standard
SC-246,standard
SC-247,standard
SC-248,standard
SC-249,standard
SC-250,standard
SC-251,standard
SC-252,standard
SC-253,standard
SC-254,standard
SC-255,standard
SC-256,standard
SC-257,standard
SC-258,standard
SC-259,standard
SC-260,standard
SC-261,standard
SC-262,standard
SC-263,standard
SC-264,standard
SC-265,standard
SC-266,standard
SC-267,standard
SC-268,standard
SC-269,standard
SC-270,standard
SC-271,standard
SC-272,standard
SC-273,standard
SC-274,standard
SC-275,standard
SC-276,standard
SC-277,standard
SC-278,standard
SC-279,standard
SC-280,standard
SC-281,standard
SC-282,standard
SC-283,standard
SC-284,standard
SC-285,standard
SC-286,standard
SC-287,standard
SC-288,standard
SC-289,standard
SC-290,standard
SC-291,standard
SC-292,standard
SC-293,standard
SC-294,standard
SC-295,standard
SC-296,standard
SC-297,standard
SC-298,standard
SC-299,standard
SC-300,standard
SC-301,standard
SC-302,standard
SC-303,standard
SC-304,standard
SC-305,standard
SC-306,standard
SC-307,standard
SC-308,standard
SC-309,standard
SC-310,standard
SC-311,standard
SC-312,standard
SC-313,standard
SC-314,standard
SC-315,standard
SC-316,standard
SC-317,standard
SC-318,standard
SC-319,standard
SC-320,standard
SC-321,standard
SC-322,standard
SC-323,standard
SC-324,standard
SC-325,standard
SC-326,standard
SC-327,standard
SC-328,standard
SC-329,standard
SC-330,standard
SC-331,standard
SC-331,standard
SC-332,standard
SC-333,standard
SC-334,standard
SC-335,standard
SC-336,standard
SC-337,standard
SC-338,standard
SC-339,standard
SC-340,standard
SC-341,standard
SC-342,standard
SC-343,standard
SC-344,standard
SC-345,standard
SC-346,standard
SC-347,standard
SC-348,standard
SC-349,standard
SC-350,standard
SC-351,standard
SC-352,standard
SC-353,standard
SC-354,standard
SC-355,standard
SC-356,standard
SC-357,standard
SC-358,standard
SC-359,standard
SC-360,standard
SC-361,standard
SC-362,standard
SC-363,standard
SC-364,standard
SC-365,standard
SC-366,standard
SC-367,standard
SC-368,standard
SC-369,standard
SC-371,standard
SC-372,standard
SC-373,standard
SC-374,standard
SC-375,extended
SC-376,extended
SC-377,extended
SC-378,extended
SC-379,standard
SC-380,standard
SC-381,extended
SC-382,extended
SC-383,extended
SC-384,extended
SC-385,standard
SC-386,standard
SC-387,standard
SC-388,standard
SC-389,extended
SC-390,extended
SC-391,standard
SC-392,standard
SC-393,standard
SC-394,standard
SC-395,standard
SC-396,standard
SC-397,standard
SC-398,standard
SC-399,standard
SC-400,standard
SC-401,standard
SC-402,standard
SC-403,standard
SC-404,standard
SC-405,standard
SC-406,standard
SC-407,standard
SC-408,standard
SC-409,standard
SC-410,extended
SC-411,extended
SC-412,extended
SC-413,extended
SC-414,extended
SC-415,extended
SC-416,standard
SC-417,standard
SC-418,standard
SC-419,standard
SC-420,standard
SC-421,standard
SC-422,standard
SC-423,standard
SC-424,standard
SC-425,standard
SC-426,standard
SC-427,standard
SC-428,standard
SC-429,standard
SC-430,standard
SC-431,standard
SC-432,standard
SC-433,standard
SC-434,standard
SC-435,standard
SC-436,standard
SC-437,standard
SC-438,standard
SC-439,standard
SC-440,standard
SC-441,standard
SC-442,standard
SC-443,standard
SC-444,standard
SC-445,standard
SC-446,standard
SC-447,standard
SC-448,standard
SC-449,standard
SC-450,standard
SC-451,standard
SC-452,standard
SC-453,standard
SC-454,standard
SC-455,standard
SC-456,standard
SC-457,standard
SC-458,standard
SC-459,standard
SC-460,standard
SC-461,standard
SC-462,standard
SC-463,standard
SC-464,standard
SC-465,standard
SC-466,standard
SC-467,standard
SC-468,standard
SC-469,standard
SC-470,standard
SC-471,standard
SC-472,standard
SC-473,standard
SC-474,standard
SC-475,standard
SC-476,standard
SC-477,standard
SC-478,standard
SC-479,standard
SC-480,standard
SC-481,standard
SC-482,standard
SC-483,standard
SC-484,standard
SC-485,standard
SC-486,standard
SC-487,standard
SC-488,standard
SC-489,standard
SC-490,standard
SC-491,standard
SC-492,standard
SC-493,standard
SC-494,standard
SC-495,standard
SC-496,standard
SC-497,standard
SC-498,standard
SC-499,standard
SC-500,standard
SC-501,standard
SC-502,standard
SC-503,standard
SC-504,standard
SC-505,standard
SC-506,standard
SC-507,standard
SC-508,standard
SC-509,standard
SC-510,standard
SC-511,standard
SC-512,standard
SC-513,standard
SC-514,standard
SC-515,standard
SC-516,standard
SC-517,standard
SC-518,standard
SC-519,standard
SC-520,standard
SC-521,standard
SC-522,standard
SC-523,standard
SC-524,standard
SC-525,standard
SC-526,standard
SC-527,standard
SC-528,standard
SC-529,standard
SC-530,standard
SC-531,standard
SC-532,standard
SC-533,standard
SC-534,standard
SC-535,standard
SC-536,standard
SC-537,standard
SC-538,standard
SC-539,standard
SC-540,standard
SC-541,standard
SC-542,standard
SC-543,standard
SC-544,standard
SC-545,standard
SC-546,standard
SC-547,standard
SC-548,standard
SC-549,standard
SC-550,standard
SC-551,standard
SC-552,standard
SC-553,standard
SC-554,standard
SC-555,standard
SC-556,standard
SC-557,standard
SC-558,standard
SC-559,standard
SC-560,standard
SC-561,standard
SC-562,standard
SC-563,standard
SC-564,standard
SC-565,standard
SC-566,standard
SC-567,standard
SC-568,standard
SC-569,standard
SC-570,standard
SC-571,standard
SC-572,standard
SC-573,standard
SC-574,standard
SC-575,standard
SC-576,standard
SC-577,standard
SC-578,standard
SC-579,standard
SC-580,standard
SC-581,standard
SC-582,standard
SC-583,standard
SC-584,standard
SC-585,standard
SC-586,standard
SC-587,standard
SC-588,standard
SC-589,standard
SC-590,standard
SC-591,standard
SC-592,standard
SC-593,standard
SC-594,standard
SC-595,standard
SC-596,standard
SC-597,standard
SC-598,standard
SC-599,standard
SC-600,standard
SC-601,standard
SC-602,standard
SC-603,standard
SC-604,standard
SC-605,standard
SC-606,standard
SC-607,standard
SC-608,standard
SC-609,standard
SC-610,standard
SC-611,standard
SC-612,standard
SC-613,standard
SC-614,standard
SC-615,standard
SC-616,standard
SC-617,standard
SC-618,standard
SC-619,standard
SC-620,standard
SC-621,standard
SC-622,standard
SC-623,standard
SC-624,standard
SC-625,standard
SC-626,standard
SC-627,standard
SC-628,standard
SC-629,standard
SC-630,standard
SC-631,standard
SC-632,standard
SC-633,standard
SC-634,standard
SC-635,standard
SC-636,standard
SC-637,standard
SC-638,standard
SC-639,standard
SC-640,standard
SC-641,standard
SC-642,standard
SC-643,standard
SC-644,standard
SC-645,standard
SC-646,standard
SC-647,standard
SC-648,standard
SC-649,standard
SC-650,standard
SC-651,standard
SC-652,standard
SC-653,standard
SC-654,standard
SC-655,standard
SC-656,standard
SC-657,standard
SC-658,standard
SC-659,standard
SC-660,standard
SC-661,standard
SC-662,standard
SC-663,standard
SC-664,standard
SC-665,standard
SC-666,standard
SC-667,standard
SC-668,standard
SC-669,standard
SC-670,standard
SC-671,standard
SC-672,standard
SC-673,standard
SC-674,standard
SC-675,standard
SC-676,standard
SC-677,standard
SC-678,standard
SC-679,standard
SC-680,standard
SC-681,standard
SC-682,standard
SC-683,standard
SC-684,standard
SC-685,standard
SC-686,standard
SC-687,standard
SC-688,standard
SC-689,standard
SC-690,standard
SC-691,standard
SC-692,standard
SC-693,standard
SC-694,standard
SC-695,standard
SC-696,standard
SC-697,standard
SC-698,standard
SC-699,standard
SC-700,standard
SC-701,standard
SC-702,standard
SC-703,standard
SC-704,standard
SC-705,standard
SC-706,standard
SC-707,standard
SC-708,standard
SC-709,standard
SC-710,standard
SC-711,standard
SC-712,standard
SC-713,standard
SC-714,standard
SC-715,standard
SC-716,standard
SC-717,standard
SC-718,standard
SC-719,standard
SC-720,standard
SC-721,standard
SC-722,standard
SC-723,standard
SC-724,standard
SC-725,standard
SC-726,standard
SC-727,standard
SC-728,STANDARD
SC-729,Standard
SC-730, standard 
SC-731, EXTENDED 
SC-732,Extended
SC-733,extended
SC-734,EXTENDED
SC-735,standard
SC-736,standard
SC-737,standard
SC-738,standard
SC-739,standard
SC-740,standard
SC-741,standard
SC-742,standard
SC-743,standard
SC-744,standard
SC-745,standard
SC-746,standard
SC-747,standard
SC-748,standard
SC-749,standard
SC-750,standard
SC-751,standard
SC-752,standard
SC-753,standard
SC-754,standard
SC-755,standard
SC-756,standard
SC-757,standard
SC-758,standard
SC-759,standard
SC-760,standard
SC-761,standard
SC-762,standard
SC-763,standard
SC-764,extended
SC-765,extended
SC-766,extended
SC-767,extended
SC-768,extended
SC-769,extended
SC-770,extended
SC-771,extended
SC-772,extended
SC-773,extended
SC-774,extended
SC-775,extended
SC-776,extended
SC-777,extended
SC-778,extended
SC-779,extended
SC-780,extended
SC-781,extended
SC-782,extended
SC-783,extended
SC-784,extended
SC-785,extended
SC-786,extended
SC-787,standard
SC-788,standard
SC-789,standard
SC-790,standard
SC-791,standard
SC-792,standard
SC-793,standard
SC-794,standard
SC-795,standard
SC-796,standard
SC-797,standard
SC-798,standard
SC-799,standard
SC-800,standard
SC-801,standard
SC-802,standard
SC-803,standard
SC-804,standard
SC-805,standard
SC-806,standard
SC-807,standard
SC-808,standard
SC-809,standard
SC-810,standard
SC-811,standard
SC-812,standard
SC-813,standard
SC-814,standard
SC-815,standard
SC-816,standard
SC-817,standard
SC-818,extended
SC-819,extended
SC-820,extended
SC-821,extended
SC-822,extended
SC-823,extended
SC-824,extended
SC-825,extended
SC-826,extended
SC-827,extended
SC-828,extended
SC-829,extended
SC-830,extended
SC-831,extended
SC-832,extended
SC-833,extended
SC-834,extended
SC-835,extended
SC-836,extended
SC-837,extended
SC-838,extended
SC-839,standard
SC-840,standard
SC-841,standard
SC-842,standard
SC-843,standard
SC-844,standard
SC-845,standard
SC-846,standard
SC-847,standard
SC-848,standard
SC-849,standard
SC-850,standard
SC-851,standard
SC-852,standard
SC-853,standard
SC-854,standard
SC-855,standard
SC-856,standard
SC-857,standard
SC-858,standard
SC-859,standard
SC-860,standard
SC-861,standard
SC-862,standard
SC-863,standard
SC-864,standard
SC-865,standard
SC-866,standard
SC-867,standard
SC-868,standard
SC-869,standard
SC-870,standard
SC-871,standard
SC-872,standard
SC-873,standard
SC-874,standard
SC-875,standard
SC-876,standard
SC-877,standard
SC-878,standard
SC-879,standard
SC-880,standard
SC-881,standard
SC-882,standard
SC-883,standard
SC-884,standard
SC-885,standard
SC-886,standard
SC-887,standard
SC-888,standard
SC-889,standard
SC-890,standard
SC-891,standard
SC-892,standard
SC-893,standard
SC-894,standard
SC-895,standard
SC-896,standard
SC-897,standard
SC-898,standard
SC-899,standard
SC-900,standard
SC-901,standard
SC-902,standard
SC-903,standard
SC-904,standard
SC-905,standard
SC-906,standard
SC-907,standard
SC-908,standard
SC-909,standard
SC-910,standard
SC-911,standard
SC-912,standard
SC-913,standard
SC-914,standard
SC-915,standard
SC-916,standard
SC-917,standard
SC-918,standard
SC-919,standard
SC-920,standard
SC-921,standard
SC-922,standard
SC-923,standard
SC-924,standard
SC-925,standard
SC-926,standard
SC-927,standard
SC-928,standard
SC-929,standard
SC-930,standard
SC-931,standard
SC-932,standard
SC-933,standard
SC-934,standard
SC-935,standard
SC-936,standard
SC-937,standard
SC-938,standard
SC-939,standard
SC-940,standard
SC-941,standard
SC-942,standard
SC-943,standard
SC-944,standard
SC-945,standard
SC-946,standard
SC-947,standard
SC-948,standard
SC-949,standard
SC-950,standard
SC-951,standard
SC-952,standard
SC-953,standard
SC-954,standard
SC-955,standard
SC-956,standard
SC-957,standard
SC-958,standard
SC-959,standard
SC-960,standard
SC-961,standard
SC-962,standard
SC-963,standard
SC-964,standard
SC-965,standard
SC-966,standard
SC-967,standard
SC-968,standard
SC-969,standard
SC-970,standard
SC-971,standard
SC-972,standard
SC-973,standard
SC-974,standard
SC-975,standard
SC-976,standard
SC-977,standard
SC-978,standard
SC-979,standard
SC-980,standard
SC-981,standard
SC-982,standard
SC-983,standard
SC-984,standard
SC-985,standard
SC-986,standard
SC-987,standard
SC-988,standard
SC-989,standard
SC-990,standard
SC-991,standard
SC-992,standard
SC-993,standard
SC-994,standard
SC-995,standard
SC-996,standard
SC-997,standard
SC-998,standard
SC-999,standard
SC-1000,standard
SC-1001,standard
SC-1002,standard
SC-1003,standard
SC-1004,standard
SC-1005,standard
SC-1006,standard
SC-1007,standard
SC-1008,standard
SC-1009,standard
SC-1010,standard
SC-1011,standard
SC-1012,standard
SC-1013,standard
SC-1014,standard
SC-1015,standard
SC-1016,standard
SC-1017,standard
SC-1018,standard
SC-1019,standard
SC-1020,standard
SC-1021,standard
SC-1022,standard
SC-1023,standard
SC-1024,standard
SC-1025,standard
SC-1026,standard
SC-1027,standard
SC-1028,standard
SC-1029,standard
SC-1030,standard
SC-1031,standard
SC-1032,standard
SC-1033,standard
SC-1034,standard
SC-1035,standard
SC-1036,standard
SC-1037,standard
SC-1038,standard
SC-1039,standard
SC-1040,standard
SC-1041,standard
SC-1042,standard
SC-1043,standard
SC-1044,standard
SC-1045,standard
SC-1046,standard
SC-1047,standard
SC-1048,standard
SC-1049,standard
SC-1050,standard
SC-1051,standard
SC-1052,standard
SC-1053,standard
SC-1054,standard
SC-1055,standard
SC-1056,standard
SC-1057,standard
SC-1058,standard
SC-1059,standard
SC-1060,standard
SC-1061,standard
SC-1062,standard
SC-1063,standard
SC-1064,standard
SC-1065,standard
SC-1066,standard
SC-1067,standard
SC-1068,standard
SC-1069,standard
SC-1070,standard
SC-1071,standard
SC-1072,standard
SC-1073,standard
SC-1074,standard
SC-1075,standard
SC-1076,standard
SC-1077,standard
SC-1078,standard
SC-1079,standard
SC-1080,standard
SC-1081,standard
SC-1082,standard
SC-1083,standard
SC-1084,standard
SC-1085,standard
SC-1086,standard
SC-1087,standard
SC-1088,standard
SC-1089,standard
SC-1090,standard
SC-1091,standard
SC-1092,standard
SC-1093,standard
SC-1094,standard
SC-1095,standard
SC-1096,standard
SC-1097,standard
SC-1098,standard
SC-1099,standard
SC-1100,standard
SC-1101,standard
SC-1102,standard
SC-1103,standard
SC-1104,standard
SC-1105,standard
SC-1106,standard
SC-1107,standard
SC-1108,standard
SC-1109,standard
SC-1110,standard
SC-1111,standard
SC-1112,standard
SC-1113,standard
SC-1114,standard
SC-1115,standard
SC-1116,standard
SC-1117,standard
SC-1118,standard
SC-1119,standard
SC-1120,standard
SC-1121,standard
SC-1122,standard
SC-1123,standard
SC-1124,standard
SC-1125,standard
SC-1126,standard
SC-1127,standard
SC-1128,standard
SC-1129,standard
SC-1130,standard
SC-1131,standard
SC-1132,standard
SC-1133,standard
SC-1134,standard
SC-1135,standard
SC-1136,standard
SC-1137,standard
SC-1138,standard
SC-1139,standard
SC-1140,standard
SC-1141,standard
SC-1142,standard
SC-1143,standard
SC-1144,standard
SC-1145,standard
SC-1146,standard
SC-1147,standard
SC-1148,standard
SC-1149,standard
SC-1150,standard
SC-1151,standard
SC-1152,standard
SC-1153,standard
SC-1154,standard
SC-1155,standard
SC-1156,standard
SC-1157,standard
SC-1158,standard
SC-1159,standard
SC-1160,standard
SC-1161,standard
SC-1162,standard
SC-1163,standard
SC-1164,standard
SC-1165,standard
SC-1166,standard
SC-1167,standard
SC-1168,standard
SC-1169,standard
SC-1170,standard
SC-1171,standard
SC-1172,standard
SC-1173,standard
SC-1174,standard
SC-1175,standard
SC-1176,standard
SC-1177,standard
SC-1178,standard
SC-1179,standard
SC-1180,standard
SC-1181,standard
SC-1182,standard
SC-1183,standard
SC-1184,standard
SC-1185,standard
SC-1186,standard
SC-1187,standard
SC-1188,standard
SC-1189,standard
SC-1190,standard
SC-1191,standard
SC-1192,standard
SC-1193,standard
SC-1194,standard
SC-1195,standard
SC-1196,standard
SC-1197,standard
SC-1198,standard
SC-1199,standard
SC-1200,standard
SC-1201,standard
SC-1202,standard
SC-1203,standard
SC-1204,standard
SC-1205,standard
SC-1206,standard
SC-1207,standard
SC-1208,standard
SC-1209,standard
SC-1210,standard
SC-1211,standard
SC-1212,standard
SC-1213,standard
SC-1214,standard
SC-1215,standard
SC-1216,standard
SC-1217,standard
SC-1218,standard
SC-1219,standard
SC-1220,standard
SC-1221,standard
SC-1222,standard
SC-1223,standard
SC-1224,standard
SC-1225,standard
SC-1226,standard
SC-1227,standard
SC-1228,standard
SC-1229,standard
SC-1230,standard
SC-1231,standard
SC-1232,standard
SC-1233,standard
SC-1234,standard
SC-1235,standard
SC-1236,standard
SC-1237,standard
SC-1238,standard
SC-1239,standard
SC-1240,standard
SC-1241,standard
SC-1242,standard
SC-1243,standard
SC-1244,standard
SC-1245,standard
SC-1246,standard
SC-1247,standard
SC-1248,standard
SC-1249,standard
SC-1250,standard
SC-1251,standard
SC-1252,standard
SC-1253,standard
SC-1254,standard
SC-1255,standard
SC-1256,standard
SC-1257,standard
SC-1258,standard
SC-1259,standard
SC-1260,standard
SC-1261,standard
SC-1262,standard
SC-1263,standard
SC-1264,standard
SC-1265,standard
SC-1266,standard
SC-1267,standard
SC-1268,standard
SC-1269,standard
SC-1270,standard
SC-1271,standard
SC-1272,standard
SC-1273,standard
SC-1274,standard
SC-1275,standard
SC-1276,standard
SC-1277,standard
SC-1278,standard
SC-1279,standard
SC-1280,standard
SC-1281,standard
SC-1282,standard
SC-1283,standard
SC-1284,standard
SC-1285,standard
SC-1286,standard
SC-1287,standard
SC-1288,standard
SC-1289,standard
SC-1290,standard
SC-1291,standard
SC-1292,standard
SC-1293,standard
SC-1294,standard
SC-1295,standard
SC-1296,standard
SC-1297,standard
SC-1298,standard
SC-1299,standard
SC-1300,standard
SC-1301,standard
SC-1302,standard
SC-1303,standard
SC-1304,standard
SC-1305,standard
SC-1306,standard
SC-1307,standard
SC-1308,standard
SC-1309,standard
SC-1310,standard
SC-1311,standard
SC-1312,standard
SC-1313,standard
SC-1314,standard
SC-1315,standard
SC-1316,standard
SC-1317,standard
SC-1318,standard
SC-1319,standard
SC-1320,standard
SC-1321,standard
SC-1322,standard
SC-1323,standard
SC-1324,standard
SC-1325,standard
SC-1326,standard
SC-1327,standard
SC-1328,standard
SC-1329,standard
SC-1330,standard
SC-1331,standard
SC-1332,standard
SC-1333,standard
SC-1334,standard
SC-1335,standard
SC-1336,standard
SC-1337,standard
SC-1338,standard
SC-1339,standard
SC-1340,standard
SC-1341,standard
SC-1342,standard
SC-1343,standard
SC-1344,standard
SC-1345,standard
SC-1346,standard
SC-1347,standard
SC-1348,standard
SC-1349,standard
SC-1350,standard
SC-1351,standard
SC-1352,standard
SC-1353,standard
SC-1354,standard
SC-1355,standard
SC-1356,standard
SC-1357,standard
SC-1358,standard
SC-1359,standard
SC-1360,standard
SC-1361,standard
SC-1362,standard
SC-1363,standard
SC-1364,standard
SC-1365,standard
SC-1366,standard
SC-1367,standard
SC-1368,standard
SC-1369,standard
SC-1370,standard
SC-1371,standard
SC-1372,standard
SC-1373,standard
SC-1374,standard
SC-1375,standard
SC-1376,standard
SC-1377,standard
SC-1378,standard
SC-1379,standard
SC-1380,standard
SC-1381,standard
SC-1382,standard
SC-1383,standard
SC-1384,standard
SC-1385,standard
SC-1386,standard
SC-1387,standard
SC-1388,standard
SC-1389,standard
SC-1390,standard
SC-1391,standard
SC-1392,standard
SC-1393,standard
SC-1394,standard
SC-1395,standard
SC-1396,standard
SC-1397,standard
SC-1398,standard
SC-1399,standard
SC-1400,standard
SC-1401,standard
SC-1402,standard
SC-1403,standard
SC-1404,standard
SC-1405,standard
SC-1406,standard
SC-1407,standard
SC-1408,standard
SC-1409,standard
SC-1410,standard
SC-1411,standard
SC-1412,standard
SC-1413,standard
SC-1414,standard
SC-1415,standard
SC-1416,standard
SC-1417,standard
SC-1418,standard
SC-1419,standard
SC-1420,standard
SC-1421,standard
SC-1422,standard
SC-1423,standard
SC-1424,standard
SC-1425,standard
SC-1426,standard
SC-1427,standard
SC-1428,standard
SC-1429,standard
SC-1430,standard
SC-1431,standard
SC-1432,standard
SC-1433,standard
SC-1434,standard
SC-1435,standard
SC-1436,standard
SC-1437,standard
SC-1438,standard
SC-1439,standard
SC-1440,standard
SC-1441,standard
SC-1442,standard
SC-1443,standard
SC-1444,standard
SC-1445,standard
SC-1446,standard
SC-1447,standard
SC-1448,standard
SC-1449,standard
SC-1450,standard
SC-1451,standard
SC-1452,standard
SC-1453,standard
SC-1454,standard
SC-1455,standard
SC-1456,standard
SC-1457,standard
SC-1458,standard
SC-1459,standard
SC-1460,standard
SC-1461,standard
SC-1462,standard
SC-1463,standard
SC-1464,standard
SC-1465,standard
SC-1466,standard
SC-1467,standard
SC-1468,standard
SC-1469,standard
SC-1470,standard
SC-1471,standard
SC-1472,standard
SC-1473,standard
SC-1474,standard
SC-1475,standard
SC-1476,standard
SC-1477,standard
SC-1478,standard
SC-1479,standard
SC-1480,standard
SC-1481,standard
SC-1482,standard
SC-1483,standard
SC-1484,standard
SC-1485,standard
SC-1486,standard
SC-1487,standard
SC-1488,standard
SC-1489,standard
SC-1490,standard
SC-1491,standard
SC-1492,standard
SC-1493,standard
SC-1494,standard
SC-1495,standard
SC-1496,standard
SC-1497,standard
SC-1498,standard
SC-1499,standard
SC-1500,standard
SC-1501,standard
SC-1502,standard
SC-1503,standard
SC-1504,standard
SC-1505,standard
SC-1506,standard
SC-1507,standard
SC-1508,standard
SC-1509,standard
SC-1510,standard
SC-1511,standard
SC-1512,standard
SC-1513,standard
SC-1514,standard
SC-1515,standard
SC-1516,standard
SC-1517,standard
SC-1518,standard
SC-1519,standard
SC-1520,standard
SC-1521,standard
SC-1522,standard
SC-1523,standard
SC-1524,standard
SC-1525,standard
SC-1526,standard
SC-1527,standard
SC-1528,standard
SC-1529,standard
SC-1530,standard
SC-1531,standard
SC-1532,standard
SC-1533,standard
SC-1534,standard
SC-1535,standard
SC-1536,standard
SC-1537,standard
SC-1538,standard
SC-1539,standard
SC-1540,standard
SC-1541,standard
SC-1542,standard
SC-1543,standard
SC-1544,standard
SC-1545,standard
SC-1546,standard
SC-1547,standard
SC-1548,standard
SC-1549,standard
SC-1550,standard
SC-1551,standard
SC-1552,standard
SC-1553,standard
SC-1554,standard
SC-1555,standard
SC-1556,standard
SC-1557,standard
SC-1558,standard
SC-1559,standard
SC-1560,standard
SC-1561,standard
SC-1562,standard
SC-1563,standard
SC-1564,standard
SC-1565,standard
SC-1566,standard
SC-1567,standard
SC-1568,standard
SC-1569,standard
SC-1570,standard
SC-1571,standard
SC-1572,standard
SC-1573,standard
SC-1574,standard
SC-1575,standard
SC-1576,standard
SC-1577,standard
SC-1578,standard
SC-1579,standard
SC-1580,standard
SC-1581,standard
SC-1582,standard
SC-1583,standard
SC-1584,standard
SC-1585,standard
SC-1586,standard
SC-1587,standard
SC-1588,standard
SC-1589,standard
SC-1590,standard
SC-1591,standard
SC-1592,standard
SC-1593,standard
SC-1594,standard
SC-1595,standard
SC-1596,standard
SC-1597,standard
SC-1598,standard
SC-1599,standard
SC-1600,standard
SC-1601,standard
SC-1602,standard
SC-1603,standard
SC-1604,standard
SC-1605,standard
SC-1606,standard
SC-1607,standard
SC-1608,standard
SC-1609,standard
SC-1610,standard
SC-1611,standard
SC-1612,standard
SC-1613,standard
SC-1614,standard
SC-1615,standard
SC-1616,standard
SC-1617,standard
SC-1618,standard
SC-1619,standard
SC-1620,standard
SC-1621,standard
SC-1622,standard
SC-1623,standard
SC-1624,standard
SC-1625,standard
SC-1626,standard
SC-1627,standard
SC-1628,standard
SC-1629,standard
SC-1630,standard
SC-1631,standard
SC-1632,standard
SC-1633,standard
SC-1634,standard
SC-1635,standard
SC-1636,standard
SC-1637,standard
SC-1638,standard
SC-1639,standard
SC-1640,standard
SC-1641,standard
SC-1642,standard
SC-1643,standard
SC-1644,standard
SC-1645,standard
SC-1646,standard
SC-1647,standard
SC-1648,standard
SC-1649,standard
SC-1650,standard
SC-1651,standard
SC-1652,standard
SC-1653,standard
SC-1654,standard
SC-1655,standard
SC-1656,standard
SC-1657,standard
SC-1658,standard
SC-1659,standard
SC-1660,standard
SC-1661,standard
SC-1662,standard
SC-1663,standard
SC-1664,standard
SC-1665,standard
SC-1666,standard
SC-1667,standard
SC-1668,standard
SC-1669,standard
SC-1670,standard
SC-1671,standard
SC-1672,standard
SC-1673,standard
SC-1674,standard
SC-1675,standard
SC-1676,standard
SC-1677,standard
SC-1678,standard
SC-1679,standard
SC-1680,standard
SC-1681,standard
SC-1682,standard
SC-1683,standard
SC-1684,standard
SC-1685,standard
SC-1686,standard
SC-1687,standard
SC-1688,standard
SC-1689,standard
SC-1690,standard
SC-1691,standard
SC-1692,standard
SC-1693,standard
SC-1694,standard
SC-1695,standard
SC-1696,standard
SC-1697,standard
SC-1698,standard
SC-1699,standard
SC-1700,standard
SC-1701,standard
SC-1702,standard
SC-1703,standard
SC-1704,standard
SC-1705,standard
SC-1706,standard
SC-1707,standard
SC-1708,standard
SC-1709,standard
SC-1710,standard
SC-1711,standard
SC-1712,standard
SC-1713,standard
SC-1714,standard
SC-1715,standard
SC-1716,standard
SC-1717,standard
SC-1718,standard
SC-1719,standard
SC-1720,standard
SC-1721,standard
SC-1722,standard
SC-1723,standard
SC-1724,standard
SC-1725,standard
SC-1726,standard
SC-1727,standard
SC-1728,standard
SC-1729,standard
SC-1730,standard
SC-1731,standard
SC-1732,standard
SC-1733,standard
SC-1734,standard
SC-1735,standard
SC-1736,standard
SC-1737,standard
SC-1738,standard
SC-1739,standard
SC-1740,standard
SC-1741,standard
SC-1742,standard
SC-1743,standard
SC-1744,standard
SC-1745,standard
SC-1746,standard
SC-1747,standard
SC-1748,standard
SC-1749,standard
SC-1750,standard
SC-1751,standard
SC-1752,standard
SC-1753,standard
SC-1754,standard
SC-1755,standard
SC-1756,standard
SC-1757,standard
SC-1758,standard
SC-1759,standard
SC-1760,standard
SC-1761,standard
SC-1762,standard
SC-1763,standard
SC-1764,standard
SC-1765,standard
SC-1766,standard
SC-1767,standard
SC-1768,standard
SC-1769,standard
SC-1770,standard
SC-1771,standard
SC-1772,standard
SC-1773,standard
SC-1774,standard
SC-1775,standard
SC-1776,standard
SC-1777,standard
SC-1778,standard
SC-1779,standard
SC-1780,standard
SC-1781,standard
SC-1782,standard
SC-1783,standard
SC-1784,standard
SC-1785,standard
SC-1786,standard
SC-1787,standard
SC-1788,standard
SC-1789,standard
SC-1790,standard
SC-1791,standard
SC-1792,standard
SC-1793,standard
SC-1794,standard
SC-1795,standard
SC-1796,standard
SC-1797,standard
SC-1798,standard
SC-1799,standard
SC-1800,extended
SC-1801,extended
SC-1802,extended
SC-1803,extended
SC-1804,extended
SC-1805,extended
SC-1806,extended
SC-1807,extended
SC-1808,extended
SC-1809,extended
SC-1810,extended
SC-1811,extended
SC-1812,extended
SC-1813,extended
SC-1814,extended
SC-1815,extended
SC-1816,extended
SC-1817,extended
SC-1818,extended
SC-1819,extended
SC-1820,extended
SC-1821,extended
SC-1822,extended
SC-1823,extended
SC-1824,extended
SC-1825,extended
SC-1826,extended
SC-1827,extended
SC-1828,extended
SC-1829,extended
SC-1830,extended
SC-1831,extended
SC-1832,standard
SC-1833,standard
SC-1834,standard
SC-1835,standard
SC-1836,standard
SC-1837,standard
SC-1838,standard
SC-1839,standard
SC-1840,standard
SC-1841,standard
SC-1842,standard
SC-1843,standard
SC-1844,standard
SC-1845,standard
SC-1846,standard
SC-1847,standard
SC-1848,standard
SC-1849,standard
SC-1850,standard
SC-1851,standard
SC-1852,standard
SC-1853,standard
SC-1854,standard
SC-1855,standard
SC-1856,standard
SC-1857,standard
SC-1858,standard
SC-1859,standard
SC-1860,standard
SC-1861,standard
SC-1862,standard
SC-1863,standard
SC-1864,standard
SC-1865,standard
SC-1866,standard
SC-1867,standard
SC-1868,standard
SC-1869,standard
SC-1870,standard
SC-1871,standard
SC-1872,standard
SC-1873,standard
SC-1874,standard
SC-1875,standard
SC-1876,standard
SC-1877,standard
SC-1878,standard
SC-1879,standard
SC-1880,standard
SC-1881,standard
SC-1882,standard
SC-1883,standard
SC-1884,standard
SC-1885,standard
SC-1886,standard
SC-1887,standard
SC-1888,standard
SC-1889,standard
SC-1890,standard
SC-1891,standard
SC-1892,standard
SC-1893,standard
SC-1894,standard
SC-1895,standard
SC-1896,standard
SC-1897,standard
SC-1898,standard
SC-1899,standard
SC-1900,standard
SC-1901,standard
SC-1902,standard
SC-1903,standard
SC-1904,standard
SC-1905,standard
SC-1906,standard
SC-1907,standard
SC-1908,standard
SC-1909,standard
SC-1910,standard
SC-1911,standard
SC-1912,standard
SC-1913,standard
SC-1914,standard
SC-1915,standard
SC-1916,standard
SC-1917,standard
SC-1918,standard
SC-1919,standard
SC-1920,standard
SC-1921,standard
SC-1922,standard
SC-1923,standard
SC-1924,standard
SC-1925,standard
SC-1926,standard
SC-1927,standard
SC-1928,standard
SC-1929,standard
SC-1930,standard
SC-1931,standard
SC-1932,standard
SC-1933,standard
SC-1934,standard
SC-1935,standard
SC-1936,standard
SC-1937,standard
SC-1938,standard
SC-1939,standard
SC-1940,standard
SC-1941,standard
SC-1942,standard
SC-1943,standard
SC-1944,standard
SC-1945,standard
SC-1946,standard
SC-1947,standard
SC-1948,standard
SC-1949,standard
SC-1950,standard
SC-1951,standard
SC-1952,standard
SC-1953,standard
SC-1954,standard
SC-1955,standard
SC-1956,standard
SC-1957,standard
SC-1958,standard
SC-1959,standard
SC-1960,standard
SC-1961,standard
SC-1962,standard
SC-1963,standard
SC-1964,standard
SC-1965,standard
SC-1966,standard
SC-1967,standard
SC-1968,standard
SC-1969,standard
SC-1970,standard
SC-1971,standard
SC-1972,standard
SC-1973,standard
SC-1974,standard
SC-1975,standard
SC-1976,standard
SC-1977,standard
SC-1978,standard
SC-1979,standard
SC-1980,standard
SC-1981,standard
SC-1982,standard
SC-1983,standard
SC-1984,standard
SC-1985,standard
SC-1986,standard
SC-1987,standard
SC-1988,standard
SC-1989,standard
SC-1990,standard
SC-1991,standard
SC-1992,standard
SC-1993,standard
SC-1994,standard
SC-1995,standard
SC-1996,standard
SC-1997,standard
SC-1998,standard
SC-1999,standard
SC-2000,standard
SC-2001,standard
SC-2002,standard
SC-2003,standard
SC-2004,standard
SC-2005,standard
SC-2006,standard
SC-2007,standard
SC-2008,standard
SC-2009,standard
SC-2010,standard
SC-2011,standard
SC-2012,standard
SC-2013,standard
SC-2014,standard
SC-2015,standard
SC-2016,standard
SC-2017,standard
SC-2018,standard
SC-2019,standard
SC-2020,standard
SC-2021,standard
SC-2022,standard
SC-2023,standard
SC-2024,standard
SC-2025,standard
SC-2026,standard
SC-2027,standard
SC-2028,standard
SC-2029,standard
SC-2030,standard
SC-2031,standard
SC-2032,standard
SC-2033,standard
SC-2034,standard
SC-2035,standard
SC-2036,standard
SC-2037,standard
SC-2038,standard
SC-2039,standard
SC-2096,standard
SC-2097,standard
SC-2098,standard
SC-2099,standard
SC-2100,standard
SC-2101,standard
SC-2102,standard
SC-2103,standard
SC-2104,standard
SC-2105,standard
SC-2106,standard
SC-2107,standard
SC-2108,standard
SC-2109,standard
SC-2110,standard
SC-2111,standard
SC-2112,standard
SC-2113,standard
SC-2114,standard
SC-2115,standard
SC-2116,standard
SC-2117,standard
SC-2118,standard
SC-2119,standard
SC-2120,standard
SC-2121,extended
SC-2122,extended
SC-2123,extended
SC-2124,extended
SC-2125,extended
SC-2126,extended
SC-2127,extended
SC-2128,extended
SC-2129,extended
SC-2130,extended
SC-2131,extended
SC-2132,extended
SC-2133,extended
SC-2134,extended
SC-2135,extended
SC-2136,extended
SC-2137,extended
SC-2138,extended
SC-2139,extended
SC-2140,extended
SC-2141,extended
SC-2142,extended
SC-2143,extended
SC-2144,extended
SC-2145,extended
SC-2146,standard
SC-2147,standard
SC-2148,standard
SC-2149,standard
SC-2150,standard
SC-2151,standard
SC-2152,standard
SC-2153,standard
SC-2154,standard
SC-2155,standard
SC-2156,standard
SC-2157,standard
SC-2158,standard
SC-2159,standard
SC-2160,standard
SC-2161,standard
SC-2162,standard
SC-2163,standard
SC-2164,standard
SC-2165,standard
SC-2166,standard
SC-2167,standard
SC-2168,standard
SC-2169,standard
SC-2170,standard
SC-2171,standard
SC-2172,standard
SC-2173,standard
SC-2174,standard
SC-2175,standard
SC-2176,standard
SC-2177,standard
SC-2178,standard
SC-2179,standard
SC-2180,standard
SC-2181,extended
SC-2182,standard
SC-2183,standard
SC-2184,standard
SC-2185,standard
SC-2186,standard
SC-2187,standard
SC-2188,standard
SC-2189,standard
SC-2190,standard
SC-2191,standard
SC-2192,standard
SC-2193,standard
SC-2194,standard
SC-2195,standard
SC-2196,standard
SC-2197,standard
SC-2198,standard
SC-2199,standard
SC-2200,standard
SC-2201,standard
SC-2202,standard
SC-2203,standard
SC-2204,standard
SC-2205,standard
SC-2206,standard
SC-2207,standard
SC-2208,standard
SC-2209,standard
SC-2210,standard
SC-2211,standard
SC-2212,standard
SC-2213,standard
SC-2214,standard
SC-2215,standard
SC-2216,standard
SC-2217,standard
SC-2218,standard
SC-2219,standard
SC-2220,standard
SC-2221,standard
SC-2222,standard
SC-2223,standard
SC-2224,standard
SC-2225,standard
SC-2226,standard
SC-2227,standard
SC-2228,standard
SC-2229,standard
SC-2230,standard
SC-2231,standard
SC-2232,standard
SC-2233,standard
SC-2234,standard
SC-2235,standard
SC-2236,standard
SC-2237,standard
SC-2238,standard
SC-2239,standard
SC-2240,standard
SC-2241,standard
SC-2242,standard
SC-2243,standard
SC-2244,standard
SC-2245,standard
SC-2246,standard
SC-2247,standard
SC-2248,standard
SC-2249,standard
SC-2250,standard
SC-2251,standard
SC-2252,standard
SC-2253,standard
SC-2254,standard
SC-2255,standard
SC-2256,standard
SC-2257,standard
SC-2258,standard
SC-2259,standard
SC-2260,standard
SC-2261,standard
SC-2262,standard
SC-2263,standard
SC-2264,standard
SC-2265,standard
SC-2266,standard
SC-2267,standard
SC-2268,standard
SC-2269,standard
SC-2270,standard
SC-2271,standard
SC-2272,standard
SC-2273,standard
SC-2274,standard
SC-2275,standard
SC-2276,standard
SC-2277,standard
SC-2278,standard
SC-2279,standard
SC-2280,standard
SC-2281,standard
SC-2282,standard
SC-2283,standard
SC-2284,standard
SC-2285,standard
SC-2286,standard
SC-2287,standard
SC-2288,standard
SC-2289,standard
SC-2290,standard
SC-2291,standard
SC-2292,standard
SC-2293,standard
SC-2294,standard
SC-2295,standard
SC-2296,standard
SC-2297,standard
SC-2298,standard
SC-2299,standard
SC-2300,standard
SC-2301,standard
SC-2302,standard
SC-2303,standard
SC-2304,standard
SC-2305,standard
SC-2306,standard
SC-2307,standard
SC-2308,standard
SC-2309,standard
SC-2310,standard
SC-2311,standard
SC-2312,standard
SC-2313,standard
SC-2314,standard
SC-2315,standard
SC-2316,standard
SC-2317,standard
SC-2318,standard
SC-2319,standard
SC-2320,standard
SC-2321,standard
SC-2322,standard
SC-2323,standard
SC-2324,standard
SC-2325,standard
SC-2326,standard
SC-2327,standard
SC-2328,standard
SC-2329,standard
SC-2330,standard
SC-2331,standard
SC-2332,standard
SC-2333,standard
SC-2334,standard
SC-2335,standard
SC-2336,standard
SC-2337,standard
SC-2338,standard
SC-2339,standard
SC-2340,standard
SC-2341,standard
SC-2342,standard
SC-2343,standard
SC-2344,standard
SC-2345,standard
SC-2346,standard
SC-2347,standard
SC-2348,standard
SC-2349,standard
SC-2350,standard
SC-2351,standard
SC-2352,standard
SC-2353,standard
SC-2354,standard
SC-2355,standard
SC-2356,standard
SC-2357,standard
SC-2358,standard
SC-2359,standard
SC-2360,standard
SC-2361,standard
SC-2362,standard
SC-2363,standard
SC-2364,standard
SC-2365,standard
SC-2366,standard
SC-2367,standard
SC-2368,standard
SC-2369,standard
SC-2370,standard
SC-2371,standard
SC-2372,standard
SC-2373,standard
SC-2374,standard
SC-2375,standard
SC-2376,standard
SC-2377,standard
SC-2378,extended
SC-2379,standard
SC-2380,extended
SC-2381,standard
SC-2382,standard
SC-2383,extended
SC-2384,standard
SC-2385,extended
SC-2386,extended
SC-2387,standard
SC-2388,standard
SC-2389,extended
SC-2390,extended
SC-2391,standard
SC-2392,standard
SC-2393,extended
SC-2394,extended
SC-2395,extended
SC-2396,standard
SC-2397,extended
SC-2398,standard
SC-2399,standard
SC-2400,standard
SC-2401,standard
SC-2402,standard
SC-2403,extended
SC-2404,extended
SC-2405,standard
SC-2406,standard
SC-2407,standard
SC-2408,standard
SC-2409,standard
SC-2410,extended
SC-2411,standard
SC-2412,extended
SC-2413,standard
SC-2414,extended
SC-2415,standard
SC-2416,standard
SC-2417,standard
SC-2418,extended
SC-2419,standard
SC-2420,extended
SC-2421,standard
SC-2422,standard
SC-2423,extended
SC-2424,standard
SC-2425,extended
SC-2426,standard
SC-2427,standard
SC-2428,extended
SC-2429,extended
SC-2430,extended
SC-2431,standard
SC-2432,standard
SC-2433,extended
SC-2434,standard
SC-2435,extended
SC-2436,standard
SC-2437,standard
SC-2438,standard
SC-2439,standard
SC-2440,standard
SC-2441,standard
SC-2442,standard
SC-2443,standard
SC-2444,standard
SC-2445,standard
SC-2446,standard
SC-2447,standard
SC-2448,standard
SC-2449,standard
SC-2450,standard
SC-2451,standard
SC-2452,standard
SC-2453,standard
SC-2454,standard
SC-2455,standard
SC-2456,standard
SC-2457,standard
SC-2458,standard
SC-2459,standard
SC-2460,standard
SC-2461,standard
SC-2462,standard
SC-2463,standard
SC-2464,standard
SC-2465,standard
SC-2466,standard
SC-2467,standard
SC-2468,standard
SC-2469,standard
SC-2470,standard
SC-2471,standard
SC-2472,standard
SC-2473,standard
SC-2474,standard
SC-2475,standard
SC-2476,standard
SC-2477,standard
SC-2478,standard
SC-2479,standard
SC-2480,standard
SC-2481,standard
SC-2482,standard
SC-2483,standard
SC-2484,standard
SC-2485,standard
SC-2486,standard
SC-2487,standard
SC-2488,standard
SC-2489,standard
SC-2490,standard
SC-2491,standard
SC-2492,standard
SC-2493,standard
SC-2494,standard
SC-2495,standard
