script_id,clearance_status
SC-01,CLEARED
SC-02,CLEARED
SC-03,CLEARED
SC-04,CLEARED
SC-05,CLEARED
SC-06,CLEARED
SC-07,CLEARED
SC-08,CLEARED
SC-09,CLEARED
SC-10,CLEARED
SC-11,CLEARED
SC-12,CLEARED
SC-13,HOLD
SC-14,CLEARED
SC-15,HOLD
 SC-16 , cleared 
SC-17,CLEARED
SC-18,CLEARED
SC-19,CLEARED
SC-20,CLEARED
SC-21,CLEARED
SC-22,CLEARED
SC-22,hold
SC-23,CLEARED
SC-24,CLEARED
SC-25,CLEARED
SC-26,CLEARED
SC-27,CLEARED
SC-28,CLEARED
SC-29,CLEARED
SC-30,CLEARED
SC-31,CLEARED
SC-32,HOLD
SC-33,CLEARED
SC-34,CLEARED
SC-35,CLEARED
SC-36,HOLD
SC-36,CLEARED
SC-37,CLEARED
SC-38,CLEARED
SC-39,CLEARED
SC-39,HOLD
SC-40,CLEARED
SC-41,CLEARED
SC-41,HOLD
SC-41,CLEARED
SC-42,HOLD
SC-43,CLEARED
SC-44,CLEARED
SC-45,CLEARED
SC-46,CLEARED
SC-47,CLEARED
SC-48,CLEARED
SC-49,CLEARED
SC-50,CLEARED
SC-51,hold
SC-52,CLEARED
SC-53,HOLD
SC-54,CLEARED
SC-55,CLEARED
SC-56,CLEARED
SC-57,CLEARED
SC-58,CLEARED
SC-59,HOLD
SC-60,CLEARED
SC-61,CLEARED
SC-62,CLEARED
SC-63,HOLD
SC-63,CLEARED
SC-63,HOLD
SC-64,CLEARED
SC-81,CLEARED
SC-82,CLEARED
SC-83,CLEARED
SC-84,CLEARED
SC-85,CLEARED
SC-86,CLEARED
SC-86,HOLD
SC-86,CLEARED
SC-87,HOLD
SC-87,CLEARED
SC-87,HOLD
SC-88,CLEARED
SC-89,CLEARED
SC-90,CLEARED
SC-91,CLEARED
SC-92,CLEARED
SC-93,CLEARED
SC-94,CLEARED
SC-95,CLEARED
SC-96,CLEARED
SC-97,CLEARED
SC-98,CLEARED
SC-99,CLEARED
SC-100,CLEARED
SC-101,CLEARED
SC-102,CLEARED
SC-103,HOLD
SC-103,CLEARED
SC-104,CLEARED
SC-104,HOLD
SC-105,CLEARED
SC-106,CLEARED
SC-107,CLEARED
SC-108,CLEARED
SC-109,CLEARED
SC-110,CLEARED
SC-111,CLEARED
SC-112,CLEARED
SC-113,CLEARED
SC-114,CLEARED
SC-115,CLEARED
SC-116,CLEARED
SC-117,CLEARED
SC-118,HOLD
SC-118,CLEARED
SC-118,HOLD
SC-119,CLEARED
SC-120,CLEARED
SC-121,CLEARED
SC-122,CLEARED
SC-123,CLEARED
SC-124,CLEARED
SC-125,CLEARED
SC-126,CLEARED
SC-127,CLEARED
SC-128,CLEARED
SC-129,CLEARED
SC-130,CLEARED
SC-131,CLEARED
SC-132,CLEARED
SC-133,CLEARED
SC-134,CLEARED
SC-135,CLEARED
SC-136,CLEARED
SC-137,CLEARED
SC-138,CLEARED
SC-139,CLEARED
SC-140,CLEARED
SC-141,CLEARED
SC-142,CLEARED
SC-143,CLEARED
SC-144,CLEARED
SC-145,CLEARED
SC-146,CLEARED
SC-147,CLEARED
SC-148,CLEARED
SC-149,CLEARED
SC-150,CLEARED
SC-151,HOLD
SC-152,CLEARED
SC-153,HOLD
SC-154,CLEARED
SC-155,CLEARED
SC-156,CLEARED
SC-157,CLEARED
SC-158,CLEARED
SC-159,CLEARED
SC-160,CLEARED
SC-161,CLEARED
SC-162,HOLD
SC-163,CLEARED
SC-164,CLEARED
SC-165,CLEARED
SC-166,CLEARED
SC-167,CLEARED
SC-168,CLEARED
SC-169,CLEARED
SC-170,CLEARED
SC-171,CLEARED
SC-172,CLEARED
SC-173,CLEARED
SC-174,CLEARED
SC-175,CLEARED
SC-176,CLEARED
SC-177,CLEARED
SC-178,CLEARED
SC-179,CLEARED
SC-180,CLEARED
SC-181,CLEARED
SC-182,CLEARED
SC-183,CLEARED
SC-184,CLEARED
SC-185,CLEARED
SC-186,CLEARED
SC-187,CLEARED
SC-188,CLEARED
SC-189,CLEARED
SC-190,CLEARED
SC-191,CLEARED
SC-192,CLEARED
SC-193,CLEARED
SC-194,CLEARED
SC-195,CLEARED
SC-196,CLEARED
SC-197,CLEARED
SC-198,CLEARED
SC-199,CLEARED
SC-200,CLEARED
SC-201,CLEARED
SC-202,CLEARED
SC-203,CLEARED
SC-204,CLEARED
SC-205,CLEARED
SC-206,CLEARED
SC-207,CLEARED
SC-208,CLEARED
SC-209,CLEARED
SC-210,CLEARED
SC-211,CLEARED
SC-212,CLEARED
SC-213,CLEARED
SC-214,CLEARED
SC-215,CLEARED
SC-216,CLEARED
SC-217,CLEARED
SC-218,CLEARED
SC-219,CLEARED
SC-220,CLEARED
SC-221,hold
SC-222,Hold
SC-223,HOLD 
SC-224, HOLD
SC-225,HoLd
SC-226,cleared
SC-227,Cleared
SC-228,CLEARED 
SC-229, CLEARED
SC-230,PENDING
SC-231,HOLD
SC-232,CLEARED
SC-233,CLEARED
SC-234,CLEARED
SC-235,CLEARED
SC-236,CLEARED
SC-237,CLEARED
SC-238,CLEARED
SC-239,CLEARED
SC-240,CLEARED
SC-241,CLEARED
SC-242,CLEARED
SC-243,HOLD
SC-244,CLEARED
SC-245,CLEARED
SC-246,CLEARED
SC-247,CLEARED
SC-248,CLEARED
SC-249,CLEARED
SC-250,CLEARED
SC-251,CLEARED
SC-252,CLEARED
SC-253,CLEARED
SC-254,CLEARED
SC-255,CLEARED
SC-256,CLEARED
SC-257,CLEARED
SC-258,CLEARED
SC-259,CLEARED
SC-260,CLEARED
SC-261,CLEARED
SC-262,CLEARED
SC-263,CLEARED
SC-264,CLEARED
SC-265,CLEARED
SC-266,CLEARED
SC-267,CLEARED
SC-268,CLEARED
SC-269,CLEARED
SC-270,CLEARED
SC-271,CLEARED
SC-272,CLEARED
SC-273,CLEARED
SC-274,CLEARED
SC-275,CLEARED
SC-276,CLEARED
SC-277,CLEARED
SC-278,CLEARED
SC-279,CLEARED
SC-280,CLEARED
SC-281,CLEARED
SC-282,CLEARED
SC-283,CLEARED
SC-284,CLEARED
SC-285,CLEARED
SC-286,CLEARED
SC-287,CLEARED
SC-288,CLEARED
SC-289,CLEARED
SC-290,CLEARED
SC-291,CLEARED
SC-292,CLEARED
SC-293,CLEARED
SC-294,CLEARED
SC-295,CLEARED
SC-296,CLEARED
SC-297,CLEARED
SC-298,CLEARED
SC-299,CLEARED
SC-300,CLEARED
SC-301,CLEARED
SC-302,CLEARED
SC-303,CLEARED
SC-304,CLEARED
SC-305,CLEARED
SC-306,CLEARED
SC-307,CLEARED
SC-308,CLEARED
SC-309,CLEARED
SC-310,CLEARED
SC-311,CLEARED
SC-312,CLEARED
SC-313,CLEARED
SC-314,CLEARED
SC-315,CLEARED
SC-316,CLEARED
SC-317,CLEARED
SC-318,CLEARED
SC-319,CLEARED
SC-320,CLEARED
SC-321,CLEARED
SC-322,CLEARED
SC-323,CLEARED
SC-324,CLEARED
SC-325,CLEARED
SC-326,CLEARED
SC-327,CLEARED
SC-328,CLEARED
SC-329,CLEARED
SC-330,CLEARED
SC-331,CLEARED
SC-331,CLEARED
SC-332,CLEARED
SC-333,CLEARED
SC-334,CLEARED
SC-335,CLEARED
SC-336,CLEARED
SC-337,CLEARED
SC-338,CLEARED
SC-339,CLEARED
SC-340,CLEARED
SC-341,CLEARED
SC-342,CLEARED
SC-343,CLEARED
SC-344,CLEARED
SC-345,CLEARED
SC-346,CLEARED
SC-347,CLEARED
SC-348,CLEARED
SC-349,CLEARED
SC-350,CLEARED
SC-351,CLEARED
SC-352,CLEARED
SC-353,CLEARED
SC-354,CLEARED
SC-355,CLEARED
SC-356,CLEARED
SC-357,CLEARED
SC-358,CLEARED
SC-359,CLEARED
SC-360,CLEARED
SC-361,CLEARED
SC-362,CLEARED
SC-363,CLEARED
SC-364,CLEARED
SC-365,CLEARED
SC-366,CLEARED
SC-367,CLEARED
SC-368,CLEARED
SC-369,CLEARED
SC-371,CLEARED
SC-372,CLEARED
SC-373,CLEARED
SC-374,CLEARED
SC-375,CLEARED
SC-376,CLEARED
SC-377,CLEARED
SC-378,CLEARED
SC-379,CLEARED
SC-380,CLEARED
SC-381,CLEARED
SC-382,CLEARED
SC-383,CLEARED
SC-384,CLEARED
SC-385,CLEARED
SC-386,CLEARED
SC-387,CLEARED
SC-388,CLEARED
SC-389,CLEARED
SC-390,CLEARED
SC-391,HOLD
SC-392,hold
SC-393,Hold
SC-394,HOLD 
SC-395, HOLD
SC-396,HoLd
SC-397,CLEARED
SC-398,cleared
SC-399,Cleared
SC-400,PENDING
SC-401,CLEARED
SC-402,CLEARED
SC-403,HOLD
SC-404,CLEARED
SC-405,CLEARED
SC-406,CLEARED
SC-407,CLEARED
SC-408,CLEARED
SC-409,HOLD
SC-410,CLEARED
SC-411,CLEARED
SC-412,CLEARED
SC-413,CLEARED
SC-414,CLEARED
SC-415,CLEARED
SC-416,CLEARED
SC-417,CLEARED
SC-418,CLEARED
SC-419,CLEARED
SC-420,HOLD
SC-421,CLEARED
SC-422,CLEARED
SC-423,CLEARED
SC-424,CLEARED
SC-425,CLEARED
SC-426,CLEARED
SC-427,CLEARED
SC-428,CLEARED
SC-429,CLEARED
SC-430,CLEARED
SC-431,CLEARED
SC-432,CLEARED
SC-433,CLEARED
SC-434,CLEARED
SC-435,CLEARED
SC-436,CLEARED
SC-437,CLEARED
SC-438,CLEARED
SC-439,CLEARED
SC-440,CLEARED
SC-441,CLEARED
SC-442,CLEARED
SC-443,CLEARED
SC-444,CLEARED
SC-445,CLEARED
SC-446,CLEARED
SC-447,CLEARED
SC-448,CLEARED
SC-449,CLEARED
SC-450,CLEARED
SC-451,CLEARED
SC-452,CLEARED
SC-453,CLEARED
SC-454,CLEARED
SC-455,CLEARED
SC-456,CLEARED
SC-457,CLEARED
SC-458,CLEARED
SC-459,CLEARED
SC-460,CLEARED
SC-461,CLEARED
SC-462,CLEARED
SC-463,CLEARED
SC-464,CLEARED
SC-465,CLEARED
SC-466,CLEARED
SC-467,CLEARED
SC-468,CLEARED
SC-469,CLEARED
SC-470,CLEARED
SC-471,CLEARED
SC-472,CLEARED
SC-473,CLEARED
SC-474,CLEARED
SC-475,CLEARED
SC-476,CLEARED
SC-477,CLEARED
SC-478,CLEARED
SC-479,CLEARED
SC-480,CLEARED
SC-481,CLEARED
SC-482,CLEARED
SC-483,CLEARED
SC-484,CLEARED
SC-485,CLEARED
SC-486,CLEARED
SC-487,CLEARED
SC-488,CLEARED
SC-489,CLEARED
SC-490,CLEARED
SC-491,CLEARED
SC-492,CLEARED
SC-493,CLEARED
SC-494,CLEARED
SC-495,CLEARED
SC-496,CLEARED
SC-497,CLEARED
SC-498,CLEARED
SC-499,CLEARED
SC-500,CLEARED
SC-501,CLEARED
SC-502,CLEARED
SC-503,CLEARED
SC-504,CLEARED
SC-505,CLEARED
SC-506,CLEARED
SC-507,CLEARED
SC-508,CLEARED
SC-509,CLEARED
SC-510,CLEARED
SC-511,CLEARED
SC-512,CLEARED
SC-513,CLEARED
SC-514,CLEARED
SC-515,CLEARED
SC-516,CLEARED
SC-517,CLEARED
SC-518,CLEARED
SC-519,CLEARED
SC-520,CLEARED
SC-521,CLEARED
SC-522,CLEARED
SC-523,CLEARED
SC-524,CLEARED
SC-525,CLEARED
SC-526,CLEARED
SC-527,CLEARED
SC-528,CLEARED
SC-529,CLEARED
SC-530,CLEARED
SC-531,CLEARED
SC-532,CLEARED
SC-533,CLEARED
SC-534,CLEARED
SC-535,CLEARED
SC-536,CLEARED
SC-537,CLEARED
SC-538,CLEARED
SC-539,CLEARED
SC-540,CLEARED
SC-541,CLEARED
SC-542,CLEARED
SC-543,CLEARED
SC-544,CLEARED
SC-545,CLEARED
SC-546,CLEARED
SC-547,CLEARED
SC-548,CLEARED
SC-549,CLEARED
SC-550,CLEARED
SC-551,CLEARED
SC-552,CLEARED
SC-553,CLEARED
SC-554,CLEARED
SC-555,CLEARED
SC-556,CLEARED
SC-557,CLEARED
SC-558,CLEARED
SC-559,CLEARED
SC-560,CLEARED
SC-561,CLEARED
SC-562,CLEARED
SC-563,CLEARED
SC-564,CLEARED
SC-565,CLEARED
SC-566,CLEARED
SC-567,CLEARED
SC-568,CLEARED
SC-569,CLEARED
SC-570,CLEARED
SC-571,CLEARED
SC-572,CLEARED
SC-573,CLEARED
SC-574,CLEARED
SC-575,CLEARED
SC-576,CLEARED
SC-577,CLEARED
SC-578,CLEARED
SC-579,CLEARED
SC-580,CLEARED
SC-581,CLEARED
SC-582,CLEARED
SC-583,CLEARED
SC-584,CLEARED
SC-585,CLEARED
SC-586,CLEARED
SC-587,CLEARED
SC-588,CLEARED
SC-589,CLEARED
SC-590,CLEARED
SC-591,CLEARED
SC-592,CLEARED
SC-593,CLEARED
SC-594,CLEARED
SC-595,CLEARED
SC-596,CLEARED
SC-597,CLEARED
SC-598,CLEARED
SC-599,CLEARED
SC-600,CLEARED
SC-601,CLEARED
SC-602,CLEARED
SC-603,CLEARED
SC-604,CLEARED
SC-605,CLEARED
SC-606,CLEARED
SC-607,CLEARED
SC-608,CLEARED
SC-609,CLEARED
SC-610,CLEARED
SC-611,CLEARED
SC-612,CLEARED
SC-613,CLEARED
SC-614,CLEARED
SC-615,CLEARED
SC-616,CLEARED
SC-617,CLEARED
SC-618,CLEARED
SC-619,CLEARED
SC-620,CLEARED
SC-621,CLEARED
SC-622,CLEARED
SC-623,CLEARED
SC-624,CLEARED
SC-625,CLEARED
SC-626,CLEARED
SC-627,CLEARED
SC-628,CLEARED
SC-629,CLEARED
SC-630,CLEARED
SC-631,CLEARED
SC-632,CLEARED
SC-633,CLEARED
SC-634,CLEARED
SC-635,CLEARED
SC-636,CLEARED
SC-637,CLEARED
SC-638,CLEARED
SC-639,CLEARED
SC-640,CLEARED
SC-641,CLEARED
SC-642,CLEARED
SC-643,CLEARED
SC-644,CLEARED
SC-645,CLEARED
SC-646,CLEARED
SC-647,CLEARED
SC-648,CLEARED
SC-649,CLEARED
SC-650,CLEARED
SC-651,CLEARED
SC-652,CLEARED
SC-653,HOLD
SC-654,hold
SC-655,Hold
SC-656,HOLD 
SC-657, HOLD
SC-658, hold 
SC-659,HoLd
SC-660,"HOLD
"
SC-661,"HOLD
"
SC-662,HOLD	
SC-663,CLEARED
SC-664,cleared
SC-665,Cleared
SC-666,CLEARED 
SC-667, CLEARED
SC-668, cleared 
SC-669,ClEaReD
SC-670,"CLEARED
"
SC-671,"CLEARED
"
SC-672,CLEARED	
SC-673,PENDING
SC-674,pending
SC-675,Pending
SC-676,REVIEW
SC-677,review
SC-678,DRAFT
SC-679,draft
SC-680,BLOCKED
SC-681,blocked
SC-682,REJECTED
SC-683,rejected
SC-684,APPROVED
SC-685,approved
SC-686,SIGNED
SC-687,signed
SC-688,WAITING
SC-689,waiting
SC-690,IN_PROGRESS
SC-691,in_progress
SC-692,ON_HOLD
SC-693,on_hold
SC-694,COMPLETE
SC-695,complete
SC-696,DONE
SC-697,done
SC-698,FINISHED
SC-699,finished
SC-700,YES
SC-701,NO
SC-702,TRUE
SC-704, 
SC-705,none
SC-706,null
SC-707,CLEARED
SC-708,CLEARED
SC-709,CLEARED
SC-710,CLEARED
SC-711,CLEARED
SC-712,CLEARED
SC-713,CLEARED
SC-714,CLEARED
SC-715,CLEARED
SC-716,CLEARED
SC-717,CLEARED
SC-718,CLEARED
SC-719,CLEARED
SC-720,CLEARED
SC-721,CLEARED
SC-722,CLEARED
SC-723,CLEARED
SC-724,CLEARED
SC-725,CLEARED
SC-726,CLEARED
SC-727,CLEARED
SC-728,CLEARED
SC-729,CLEARED
SC-730,CLEARED
SC-731,CLEARED
SC-732,CLEARED
SC-733,CLEARED
SC-734,CLEARED
SC-735,CLEARED
SC-736,CLEARED
SC-737,CLEARED
SC-738,CLEARED
SC-739,CLEARED
SC-740,CLEARED
SC-741,CLEARED
SC-742,CLEARED
SC-743,CLEARED
SC-744,CLEARED
SC-745,CLEARED
SC-746,CLEARED
SC-747,CLEARED
SC-748,CLEARED
SC-749,CLEARED
SC-750,CLEARED
SC-751,CLEARED
SC-752,CLEARED
SC-753,CLEARED
SC-754,CLEARED
SC-755,CLEARED
SC-756,CLEARED
SC-757,CLEARED
SC-758,CLEARED
SC-759,CLEARED
SC-760,CLEARED
SC-761,CLEARED
SC-762,CLEARED
SC-763,CLEARED
SC-764,CLEARED
SC-765,CLEARED
SC-766,CLEARED
SC-767,CLEARED
SC-768,CLEARED
SC-769,CLEARED
SC-770,CLEARED
SC-771,CLEARED
SC-772,CLEARED
SC-773,CLEARED
SC-774,CLEARED
SC-775,CLEARED
SC-776,CLEARED
SC-777,CLEARED
SC-778,CLEARED
SC-779,CLEARED
SC-780,CLEARED
SC-781,CLEARED
SC-782,CLEARED
SC-783,CLEARED
SC-784,CLEARED
SC-785,CLEARED
SC-786,CLEARED
SC-787,CLEARED
SC-788,CLEARED
SC-789,CLEARED
SC-790,CLEARED
SC-791,CLEARED
SC-792,CLEARED
SC-793,CLEARED
SC-794,CLEARED
SC-795,CLEARED
SC-796,CLEARED
SC-797,CLEARED
SC-798,CLEARED
SC-799,CLEARED
SC-800,CLEARED
SC-801,CLEARED
SC-802,CLEARED
SC-803,CLEARED
SC-804,CLEARED
SC-805,CLEARED
SC-806,CLEARED
SC-807,CLEARED
SC-808,CLEARED
SC-809,CLEARED
SC-810,CLEARED
SC-811,CLEARED
SC-812,CLEARED
SC-813,CLEARED
SC-814,CLEARED
SC-815,CLEARED
SC-816,CLEARED
SC-817,CLEARED
SC-818,CLEARED
SC-819,CLEARED
SC-820,CLEARED
SC-821,CLEARED
SC-822,CLEARED
SC-823,CLEARED
SC-824,CLEARED
SC-825,CLEARED
SC-826,CLEARED
SC-827,CLEARED
SC-828,CLEARED
SC-829,CLEARED
SC-830,CLEARED
SC-831,CLEARED
SC-832,CLEARED
SC-833,CLEARED
SC-834,CLEARED
SC-835,CLEARED
SC-836,CLEARED
SC-837,CLEARED
SC-838,CLEARED
SC-839,HOLD
SC-840,HOLD
SC-841,HOLD
SC-842,HOLD
SC-843,HOLD
SC-844,CLEARED
SC-845,CLEARED
SC-846,CLEARED
SC-847,CLEARED
SC-848,CLEARED
SC-849,PENDING
SC-850,PENDING
SC-851,PENDING
SC-852,PENDING
SC-853,PENDING
SC-859, 
SC-860, 
SC-861, 
SC-862, 
SC-863, 
SC-864,CLEARED
SC-865,CLEARED
SC-866,CLEARED
SC-867,CLEARED
SC-868,CLEARED
SC-869,CLEARED
SC-870,CLEARED
SC-871,CLEARED
SC-872,CLEARED
SC-873,CLEARED
SC-874,CLEARED
SC-875,CLEARED
SC-876,CLEARED
SC-877,CLEARED
SC-878,CLEARED
SC-879,CLEARED
SC-880,CLEARED
SC-881,CLEARED
SC-882,CLEARED
SC-883,CLEARED
SC-884,CLEARED
SC-885,CLEARED
SC-886,CLEARED
SC-887,CLEARED
SC-888,CLEARED
SC-889,CLEARED
SC-890,CLEARED
SC-891,CLEARED
SC-892,CLEARED
SC-893,CLEARED
SC-894,CLEARED
SC-895,CLEARED
SC-896,CLEARED
SC-897,CLEARED
SC-898,CLEARED
SC-899,CLEARED
SC-900,CLEARED
SC-901,CLEARED
SC-902,CLEARED
SC-903,CLEARED
SC-904,CLEARED
SC-905,CLEARED
SC-906,CLEARED
SC-907,CLEARED
SC-908,CLEARED
SC-909,CLEARED
SC-910,CLEARED
SC-911,CLEARED
SC-912,CLEARED
SC-913,CLEARED
SC-914,CLEARED
SC-915,CLEARED
SC-916,CLEARED
SC-917,CLEARED
SC-918,CLEARED
SC-919,CLEARED
SC-920,CLEARED
SC-921,CLEARED
SC-922,CLEARED
SC-923,CLEARED
SC-924,CLEARED
SC-925,CLEARED
SC-926,CLEARED
SC-927,CLEARED
SC-928,CLEARED
SC-929,CLEARED
SC-930,CLEARED
SC-931,CLEARED
SC-932,CLEARED
SC-933,CLEARED
SC-934,CLEARED
SC-935,CLEARED
SC-936,CLEARED
SC-937,CLEARED
SC-938,CLEARED
SC-939,CLEARED
SC-940,CLEARED
SC-941,CLEARED
SC-942,CLEARED
SC-943,CLEARED
SC-944,CLEARED
SC-945,CLEARED
SC-946,CLEARED
SC-947,CLEARED
SC-948,CLEARED
SC-949,CLEARED
SC-950,CLEARED
SC-951,CLEARED
SC-952,CLEARED
SC-953,CLEARED
SC-954,CLEARED
SC-955,CLEARED
SC-956,CLEARED
SC-957,CLEARED
SC-958,CLEARED
SC-959,CLEARED
SC-960,CLEARED
SC-961,CLEARED
SC-962,CLEARED
SC-963,CLEARED
SC-964,CLEARED
SC-965,CLEARED
SC-966,CLEARED
SC-967,CLEARED
SC-968,CLEARED
SC-969,CLEARED
SC-970,CLEARED
SC-971,CLEARED
SC-972,CLEARED
SC-973,CLEARED
SC-974,CLEARED
SC-975,CLEARED
SC-976,CLEARED
SC-977,CLEARED
SC-978,CLEARED
SC-979,CLEARED
SC-980,CLEARED
SC-981,CLEARED
SC-982,CLEARED
SC-983,CLEARED
SC-984,CLEARED
SC-985,CLEARED
SC-986,CLEARED
SC-987,CLEARED
SC-988,CLEARED
SC-989,CLEARED
SC-990,CLEARED
SC-991,CLEARED
SC-992,CLEARED
SC-993,CLEARED
SC-994,CLEARED
SC-995,CLEARED
SC-996,CLEARED
SC-997,CLEARED
SC-998,CLEARED
SC-999,CLEARED
SC-1000,CLEARED
SC-1001,CLEARED
SC-1002,CLEARED
SC-1003,CLEARED
SC-1004,CLEARED
SC-1005,CLEARED
SC-1006,CLEARED
SC-1007,CLEARED
SC-1008,CLEARED
SC-1009,CLEARED
SC-1010,CLEARED
SC-1011,CLEARED
SC-1012,CLEARED
SC-1013,CLEARED
SC-1014,CLEARED
SC-1015,CLEARED
SC-1016,CLEARED
SC-1017,CLEARED
SC-1018,CLEARED
SC-1019,CLEARED
SC-1020,CLEARED
SC-1021,CLEARED
SC-1022,CLEARED
SC-1023,CLEARED
SC-1024,CLEARED
SC-1025,CLEARED
SC-1026,CLEARED
SC-1027,CLEARED
SC-1028,CLEARED
SC-1029,CLEARED
SC-1030,CLEARED
SC-1031,CLEARED
SC-1032,CLEARED
SC-1033,CLEARED
SC-1034,CLEARED
SC-1035,CLEARED
SC-1036,CLEARED
SC-1037,CLEARED
SC-1038,CLEARED
SC-1039,CLEARED
SC-1040,CLEARED
SC-1041,CLEARED
SC-1042,CLEARED
SC-1043,CLEARED
SC-1044,CLEARED
SC-1045,CLEARED
SC-1046,CLEARED
SC-1047,CLEARED
SC-1048,CLEARED
SC-1049,CLEARED
SC-1050,CLEARED
SC-1051,CLEARED
SC-1052,CLEARED
SC-1053,CLEARED
SC-1054,CLEARED
SC-1055,CLEARED
SC-1056,CLEARED
SC-1057,CLEARED
SC-1058,CLEARED
SC-1059,CLEARED
SC-1060,CLEARED
SC-1061,CLEARED
SC-1062,CLEARED
SC-1063,CLEARED
SC-1064,CLEARED
SC-1065,CLEARED
SC-1066,CLEARED
SC-1067,CLEARED
SC-1068,CLEARED
SC-1069,CLEARED
SC-1070,CLEARED
SC-1071,CLEARED
SC-1072,CLEARED
SC-1073,CLEARED
SC-1074,CLEARED
SC-1075,CLEARED
SC-1076,CLEARED
SC-1077,CLEARED
SC-1078,CLEARED
SC-1079,CLEARED
SC-1080,CLEARED
SC-1081,CLEARED
SC-1082,CLEARED
SC-1083,CLEARED
SC-1084,CLEARED
SC-1085,CLEARED
SC-1086,CLEARED
SC-1087,CLEARED
SC-1088,CLEARED
SC-1089,CLEARED
SC-1090,CLEARED
SC-1091,CLEARED
SC-1092,CLEARED
SC-1093,CLEARED
SC-1094,CLEARED
SC-1095,CLEARED
SC-1096,CLEARED
SC-1097,CLEARED
SC-1098,CLEARED
SC-1099,CLEARED
SC-1100,CLEARED
SC-1101,CLEARED
SC-1102,CLEARED
SC-1103,CLEARED
SC-1104,CLEARED
SC-1105,CLEARED
SC-1106,CLEARED
SC-1107,CLEARED
SC-1108,CLEARED
SC-1109,CLEARED
SC-1110,CLEARED
SC-1111,CLEARED
SC-1112,CLEARED
SC-1113,CLEARED
SC-1114,CLEARED
SC-1115,CLEARED
SC-1116,CLEARED
SC-1117,CLEARED
SC-1118,CLEARED
SC-1119,CLEARED
SC-1120,CLEARED
SC-1121,CLEARED
SC-1122,CLEARED
SC-1123,CLEARED
SC-1124,CLEARED
SC-1125,CLEARED
SC-1126,CLEARED
SC-1127,CLEARED
SC-1128,CLEARED
SC-1129,CLEARED
SC-1130,CLEARED
SC-1131,CLEARED
SC-1132,CLEARED
SC-1133,CLEARED
SC-1134,CLEARED
SC-1135,CLEARED
SC-1136,CLEARED
SC-1137,CLEARED
SC-1138,CLEARED
SC-1139,CLEARED
SC-1140,CLEARED
SC-1141,CLEARED
SC-1142,CLEARED
SC-1143,CLEARED
SC-1144,CLEARED
SC-1145,CLEARED
SC-1146,CLEARED
SC-1147,CLEARED
SC-1148,CLEARED
SC-1149,CLEARED
SC-1150,CLEARED
SC-1151,CLEARED
SC-1152,CLEARED
SC-1153,CLEARED
SC-1154,CLEARED
SC-1155,CLEARED
SC-1156,CLEARED
SC-1157,CLEARED
SC-1158,CLEARED
SC-1159,CLEARED
SC-1160,CLEARED
SC-1161,CLEARED
SC-1162,CLEARED
SC-1163,CLEARED
SC-1164,CLEARED
SC-1165,CLEARED
SC-1166,CLEARED
SC-1167,CLEARED
SC-1168,CLEARED
SC-1169,CLEARED
SC-1170,CLEARED
SC-1171,CLEARED
SC-1172,CLEARED
SC-1173,CLEARED
SC-1174,CLEARED
SC-1175,CLEARED
SC-1176,CLEARED
SC-1177,CLEARED
SC-1178,CLEARED
SC-1179,CLEARED
SC-1180,CLEARED
SC-1181,HOLD
SC-1182,HOLD
SC-1183,HOLD
SC-1184,HOLD
SC-1185,HOLD
SC-1186,CLEARED
SC-1187,CLEARED
SC-1188,CLEARED
SC-1189,CLEARED
SC-1190,CLEARED
SC-1191,CLEARED
SC-1192,CLEARED
SC-1193,CLEARED
SC-1194,CLEARED
SC-1195,CLEARED
SC-1196,HOLD
SC-1197,HOLD
SC-1198,HOLD
SC-1199,HOLD
SC-1200,HOLD
SC-1201,HOLD
SC-1202,HOLD
SC-1203,HOLD
SC-1204,HOLD
SC-1205,HOLD
SC-1206,CLEARED
SC-1207,CLEARED
SC-1208,CLEARED
SC-1209,CLEARED
SC-1210,CLEARED
SC-1211,CLEARED
SC-1212,CLEARED
SC-1213,CLEARED
SC-1214,CLEARED
SC-1215,CLEARED
SC-1216,CLEARED
SC-1217,CLEARED
SC-1218,CLEARED
SC-1219,CLEARED
SC-1220,CLEARED
SC-1221,CLEARED
SC-1222,CLEARED
SC-1223,CLEARED
SC-1224,CLEARED
SC-1225,CLEARED
SC-1226,CLEARED
SC-1227,CLEARED
SC-1228,CLEARED
SC-1229,CLEARED
SC-1230,CLEARED
SC-1231,CLEARED
SC-1232,CLEARED
SC-1233,CLEARED
SC-1234,CLEARED
SC-1235,CLEARED
SC-1236,CLEARED
SC-1237,CLEARED
SC-1238,CLEARED
SC-1239,CLEARED
SC-1240,CLEARED
SC-1241,CLEARED
SC-1242,CLEARED
SC-1243,CLEARED
SC-1244,CLEARED
SC-1245,CLEARED
SC-1246,CLEARED
SC-1247,CLEARED
SC-1248,CLEARED
SC-1249,CLEARED
SC-1250,CLEARED
SC-1251,CLEARED
SC-1252,CLEARED
SC-1253,CLEARED
SC-1254,CLEARED
SC-1255,CLEARED
SC-1256,CLEARED
SC-1257,CLEARED
SC-1258,CLEARED
SC-1259,CLEARED
SC-1260,CLEARED
SC-1261,CLEARED
SC-1262,CLEARED
SC-1263,CLEARED
SC-1264,CLEARED
SC-1265,CLEARED
SC-1266,CLEARED
SC-1267,CLEARED
SC-1268,CLEARED
SC-1269,CLEARED
SC-1270,CLEARED
SC-1271,CLEARED
SC-1272,CLEARED
SC-1273,CLEARED
SC-1274,CLEARED
SC-1275,CLEARED
SC-1276,CLEARED
SC-1277,CLEARED
SC-1278,CLEARED
SC-1279,CLEARED
SC-1280,CLEARED
SC-1281,CLEARED
SC-1282,CLEARED
SC-1283,CLEARED
SC-1284,CLEARED
SC-1285,CLEARED
SC-1286,CLEARED
SC-1287,CLEARED
SC-1288,CLEARED
SC-1289,CLEARED
SC-1290,CLEARED
SC-1291,CLEARED
SC-1292,CLEARED
SC-1293,CLEARED
SC-1294,CLEARED
SC-1295,CLEARED
SC-1296,CLEARED
SC-1297,CLEARED
SC-1298,CLEARED
SC-1299,CLEARED
SC-1300,CLEARED
SC-1301,CLEARED
SC-1302,CLEARED
SC-1303,CLEARED
SC-1304,CLEARED
SC-1305,CLEARED
SC-1306,CLEARED
SC-1307,CLEARED
SC-1308,CLEARED
SC-1309,CLEARED
SC-1310,CLEARED
SC-1311,CLEARED
SC-1312,CLEARED
SC-1313,CLEARED
SC-1314,CLEARED
SC-1315,CLEARED
SC-1316,CLEARED
SC-1317,CLEARED
SC-1318,CLEARED
SC-1319,CLEARED
SC-1320,CLEARED
SC-1321,CLEARED
SC-1322,CLEARED
SC-1323,CLEARED
SC-1324,CLEARED
SC-1325,CLEARED
SC-1326,CLEARED
SC-1327,CLEARED
SC-1328,CLEARED
SC-1329,CLEARED
SC-1330,CLEARED
SC-1331,CLEARED
SC-1332,CLEARED
SC-1333,CLEARED
SC-1334,CLEARED
SC-1335,CLEARED
SC-1336,CLEARED
SC-1337,CLEARED
SC-1338,CLEARED
SC-1339,CLEARED
SC-1340,CLEARED
SC-1341,CLEARED
SC-1342,CLEARED
SC-1343,CLEARED
SC-1344,CLEARED
SC-1345,CLEARED
SC-1346,CLEARED
SC-1347,CLEARED
SC-1348,CLEARED
SC-1349,CLEARED
SC-1350,CLEARED
SC-1351,CLEARED
SC-1352,CLEARED
SC-1353,CLEARED
SC-1354,CLEARED
SC-1355,CLEARED
SC-1356,CLEARED
SC-1357,CLEARED
SC-1358,CLEARED
SC-1359,CLEARED
SC-1360,CLEARED
SC-1361,CLEARED
SC-1362,CLEARED
SC-1363,CLEARED
SC-1364,CLEARED
SC-1365,CLEARED
SC-1366,CLEARED
SC-1367,CLEARED
SC-1368,CLEARED
SC-1369,CLEARED
SC-1370,CLEARED
SC-1371,CLEARED
SC-1372,CLEARED
SC-1373,CLEARED
SC-1374,CLEARED
SC-1375,CLEARED
SC-1376,CLEARED
SC-1377,CLEARED
SC-1378,CLEARED
SC-1379,CLEARED
SC-1380,CLEARED
SC-1381,CLEARED
SC-1382,CLEARED
SC-1383,CLEARED
SC-1384,CLEARED
SC-1385,CLEARED
SC-1386,CLEARED
SC-1387,CLEARED
SC-1388,CLEARED
SC-1389,CLEARED
SC-1390,CLEARED
SC-1391,CLEARED
SC-1392,CLEARED
SC-1393,CLEARED
SC-1394,CLEARED
SC-1395,CLEARED
SC-1396,CLEARED
SC-1397,CLEARED
SC-1398,CLEARED
SC-1399,CLEARED
SC-1400,CLEARED
SC-1401,CLEARED
SC-1402,CLEARED
SC-1403,CLEARED
SC-1404,CLEARED
SC-1405,CLEARED
SC-1406,CLEARED
SC-1407,CLEARED
SC-1408,CLEARED
SC-1409,CLEARED
SC-1410,CLEARED
SC-1411,CLEARED
SC-1412,CLEARED
SC-1413,CLEARED
SC-1414,CLEARED
SC-1415,CLEARED
SC-1416,CLEARED
SC-1417,CLEARED
SC-1418,CLEARED
SC-1419,CLEARED
SC-1420,CLEARED
SC-1421,CLEARED
SC-1422,CLEARED
SC-1423,CLEARED
SC-1424,CLEARED
SC-1425,CLEARED
SC-1426,CLEARED
SC-1427,CLEARED
SC-1428,CLEARED
SC-1429,CLEARED
SC-1430,CLEARED
SC-1431,CLEARED
SC-1432,CLEARED
SC-1433,CLEARED
SC-1434,CLEARED
SC-1435,CLEARED
SC-1436,CLEARED
SC-1437,CLEARED
SC-1438,CLEARED
SC-1439,CLEARED
SC-1440,CLEARED
SC-1441,CLEARED
SC-1442,CLEARED
SC-1443,CLEARED
SC-1444,CLEARED
SC-1445,CLEARED
SC-1446,CLEARED
SC-1447,CLEARED
SC-1448,CLEARED
SC-1449,CLEARED
SC-1450,CLEARED
SC-1451,CLEARED
SC-1452,CLEARED
SC-1453,CLEARED
SC-1454,CLEARED
SC-1455,CLEARED
SC-1456,CLEARED
SC-1457,CLEARED
SC-1458,CLEARED
SC-1459,CLEARED
SC-1460,CLEARED
SC-1461,CLEARED
SC-1462,CLEARED
SC-1463,CLEARED
SC-1464,CLEARED
SC-1465,CLEARED
SC-1466,CLEARED
SC-1467,CLEARED
SC-1468,CLEARED
SC-1469,CLEARED
SC-1470,CLEARED
SC-1471,CLEARED
SC-1472,CLEARED
SC-1473,CLEARED
SC-1474,CLEARED
SC-1475,CLEARED
SC-1476,CLEARED
SC-1477,CLEARED
SC-1478,CLEARED
SC-1479,CLEARED
SC-1480,CLEARED
SC-1481,CLEARED
SC-1482,CLEARED
SC-1483,CLEARED
SC-1484,CLEARED
SC-1485,CLEARED
SC-1486,CLEARED
SC-1487,CLEARED
SC-1488,CLEARED
SC-1489,CLEARED
SC-1490,CLEARED
SC-1491,CLEARED
SC-1492,CLEARED
SC-1493,CLEARED
SC-1494,CLEARED
SC-1495,CLEARED
SC-1496,CLEARED
SC-1497,CLEARED
SC-1498,CLEARED
SC-1499,CLEARED
SC-1500,CLEARED
SC-1501,CLEARED
SC-1502,CLEARED
SC-1503,CLEARED
SC-1504,CLEARED
SC-1505,CLEARED
SC-1506,CLEARED
SC-1507,CLEARED
SC-1508,CLEARED
SC-1509,CLEARED
SC-1510,CLEARED
SC-1511,CLEARED
SC-1512,CLEARED
SC-1513,CLEARED
SC-1514,CLEARED
SC-1515,CLEARED
SC-1516,CLEARED
SC-1517,CLEARED
SC-1518,CLEARED
SC-1519,CLEARED
SC-1520,CLEARED
SC-1521,CLEARED
SC-1522,CLEARED
SC-1523,CLEARED
SC-1524,CLEARED
SC-1525,CLEARED
SC-1526,CLEARED
SC-1527,CLEARED
SC-1528,CLEARED
SC-1529,CLEARED
SC-1530,CLEARED
SC-1531,CLEARED
SC-1532,CLEARED
SC-1533,CLEARED
SC-1534,CLEARED
SC-1535,CLEARED
SC-1536,CLEARED
SC-1537,CLEARED
SC-1538,CLEARED
SC-1539,CLEARED
SC-1540,CLEARED
SC-1541,CLEARED
SC-1542,CLEARED
SC-1543,CLEARED
SC-1544,CLEARED
SC-1545,CLEARED
SC-1546,CLEARED
SC-1547,CLEARED
SC-1548,CLEARED
SC-1549,CLEARED
SC-1550,CLEARED
SC-1551,CLEARED
SC-1552,CLEARED
SC-1553,CLEARED
SC-1554,CLEARED
SC-1555,CLEARED
SC-1556,CLEARED
SC-1557,CLEARED
SC-1558,CLEARED
SC-1559,CLEARED
SC-1560,CLEARED
SC-1561,CLEARED
SC-1562,CLEARED
SC-1563,CLEARED
SC-1564,CLEARED
SC-1565,CLEARED
SC-1566,CLEARED
SC-1567,CLEARED
SC-1568,HOLD
SC-1569,CLEARED
SC-1570,PENDING
SC-1571,HOLD
SC-1572,CLEARED
SC-1573,PENDING
SC-1574,HOLD
SC-1575,CLEARED
SC-1576,PENDING
SC-1577,HOLD
SC-1578,CLEARED
SC-1579,PENDING
SC-1580,HOLD
SC-1581,CLEARED
SC-1582,PENDING
SC-1583,HOLD
SC-1584,CLEARED
SC-1585,PENDING
SC-1586,HOLD
SC-1587,CLEARED
SC-1588,PENDING
SC-1589,HOLD
SC-1590,CLEARED
SC-1591,PENDING
SC-1592,HOLD
SC-1593,CLEARED
SC-1594,PENDING
SC-1595,HOLD
SC-1596,CLEARED
SC-1597,PENDING
SC-1598,HOLD
SC-1599,CLEARED
SC-1600,PENDING
SC-1601,HOLD
SC-1602,CLEARED
SC-1603,PENDING
SC-1604,HOLD
SC-1605,CLEARED
SC-1606,PENDING
SC-1607,HOLD
SC-1608,CLEARED
SC-1609,PENDING
SC-1610,HOLD
SC-1611,CLEARED
SC-1612,PENDING
SC-1613,HOLD
SC-1614,CLEARED
SC-1615,PENDING
SC-1616,HOLD
SC-1617,CLEARED
SC-1618,PENDING
SC-1619,HOLD
SC-1620,CLEARED
SC-1621,PENDING
SC-1622,HOLD
SC-1623,CLEARED
SC-1624,PENDING
SC-1625,HOLD
SC-1626,CLEARED
SC-1627,PENDING
SC-1628,HOLD
SC-1629,CLEARED
SC-1630,PENDING
SC-1631,HOLD
SC-1632,CLEARED
SC-1633,PENDING
SC-1634,HOLD
SC-1635,CLEARED
SC-1636,PENDING
SC-1637,HOLD
SC-1638,CLEARED
SC-1639,PENDING
SC-1640,HOLD
SC-1641,CLEARED
SC-1642,PENDING
SC-1643,HOLD
SC-1644,CLEARED
SC-1645,PENDING
SC-1646,HOLD
SC-1647,CLEARED
SC-1648,PENDING
SC-1649,HOLD
SC-1650,CLEARED
SC-1651,PENDING
SC-1652,HOLD
SC-1653,CLEARED
SC-1654,PENDING
SC-1655,HOLD
SC-1656,CLEARED
SC-1657,PENDING
SC-1658,HOLD
SC-1659,CLEARED
SC-1660,PENDING
SC-1661,HOLD
SC-1662,CLEARED
SC-1663,PENDING
SC-1664,HOLD
SC-1665,CLEARED
SC-1666,PENDING
SC-1667,HOLD
SC-1668,CLEARED
SC-1669,PENDING
SC-1670,HOLD
SC-1671,CLEARED
SC-1672,PENDING
SC-1673,HOLD
SC-1674,CLEARED
SC-1675,PENDING
SC-1676,HOLD
SC-1677,CLEARED
SC-1678,PENDING
SC-1679,HOLD
SC-1680,CLEARED
SC-1681,PENDING
SC-1682,HOLD
SC-1683,CLEARED
SC-1684,PENDING
SC-1685,HOLD
SC-1686,CLEARED
SC-1687,PENDING
SC-1688,HOLD
SC-1689,CLEARED
SC-1690,PENDING
SC-1691,HOLD
SC-1692,CLEARED
SC-1693,PENDING
SC-1694,HOLD
SC-1695,CLEARED
SC-1696,PENDING
SC-1697,HOLD
SC-1698,CLEARED
SC-1699,PENDING
SC-1700,HOLD
SC-1701,CLEARED
SC-1702,PENDING
SC-1703,HOLD
SC-1704,CLEARED
SC-1705,PENDING
SC-1706,HOLD
SC-1707,CLEARED
SC-1708,PENDING
SC-1709,HOLD
SC-1710,CLEARED
SC-1711,PENDING
SC-1712,HOLD
SC-1713,CLEARED
SC-1714,PENDING
SC-1715,HOLD
SC-1716,CLEARED
SC-1717,PENDING
SC-1718,HOLD
SC-1719,CLEARED
SC-1720,PENDING
SC-1721,HOLD
SC-1722,CLEARED
SC-1723,PENDING
SC-1724,HOLD
SC-1725,CLEARED
SC-1726,PENDING
SC-1727,HOLD
SC-1728,CLEARED
SC-1729,PENDING
SC-1730,HOLD
SC-1731,CLEARED
SC-1732,PENDING
SC-1733,HOLD
SC-1734,CLEARED
SC-1735,PENDING
SC-1736,HOLD
SC-1737,CLEARED
SC-1738,PENDING
SC-1739,HOLD
SC-1740,CLEARED
SC-1741,PENDING
SC-1742,HOLD
SC-1743,CLEARED
SC-1744,PENDING
SC-1745,HOLD
SC-1746,CLEARED
SC-1747,PENDING
SC-1748,HOLD
SC-1749,CLEARED
SC-1750,PENDING
SC-1751,HOLD
SC-1752,CLEARED
SC-1753,PENDING
SC-1754,HOLD
SC-1755,CLEARED
SC-1756,PENDING
SC-1757,HOLD
SC-1758,CLEARED
SC-1759,PENDING
SC-1760,HOLD
SC-1761,CLEARED
SC-1762,PENDING
SC-1763,HOLD
SC-1764,CLEARED
SC-1765,PENDING
SC-1766,HOLD
SC-1767,CLEARED
SC-1768,CLEARED
SC-1769,CLEARED
SC-1770,CLEARED
SC-1771,CLEARED
SC-1772,CLEARED
SC-1773,CLEARED
SC-1774,CLEARED
SC-1775,CLEARED
SC-1776,CLEARED
SC-1777,CLEARED
SC-1778,CLEARED
SC-1779,CLEARED
SC-1780,CLEARED
SC-1781,CLEARED
SC-1782,CLEARED
SC-1783,CLEARED
SC-1784,CLEARED
SC-1785,CLEARED
SC-1786,CLEARED
SC-1787,CLEARED
SC-1788,CLEARED
SC-1789,CLEARED
SC-1790,CLEARED
SC-1791,CLEARED
SC-1792,CLEARED
SC-1793,CLEARED
SC-1794,CLEARED
SC-1795,CLEARED
SC-1796,CLEARED
SC-1797,CLEARED
SC-1798,CLEARED
SC-1799,CLEARED
SC-1800,CLEARED
SC-1801,CLEARED
SC-1802,CLEARED
SC-1803,CLEARED
SC-1804,CLEARED
SC-1805,CLEARED
SC-1806,CLEARED
SC-1807,CLEARED
SC-1808,CLEARED
SC-1809,CLEARED
SC-1810,CLEARED
SC-1811,CLEARED
SC-1812,CLEARED
SC-1813,CLEARED
SC-1814,CLEARED
SC-1815,CLEARED
SC-1816,CLEARED
SC-1817,CLEARED
SC-1818,CLEARED
SC-1819,CLEARED
SC-1820,CLEARED
SC-1821,CLEARED
SC-1822,CLEARED
SC-1823,CLEARED
SC-1824,CLEARED
SC-1825,CLEARED
SC-1826,CLEARED
SC-1827,CLEARED
SC-1828,CLEARED
SC-1829,CLEARED
SC-1830,CLEARED
SC-1831,CLEARED
SC-1832,HOLD
SC-1833,HOLD
SC-1834,HOLD
SC-1835,HOLD
SC-1836,HOLD
SC-1837,HOLD
SC-1838,HOLD
SC-1839,HOLD
SC-1840,HOLD
SC-1841,HOLD
SC-1842,HOLD
SC-1843,HOLD
SC-1844,HOLD
SC-1845,HOLD
SC-1846,HOLD
SC-1847,HOLD
SC-1848,HOLD
SC-1849,HOLD
SC-1850,HOLD
SC-1851,HOLD
SC-1852,HOLD
SC-1853,HOLD
SC-1854,HOLD
SC-1855,HOLD
SC-1856,HOLD
SC-1857,HOLD
SC-1858,HOLD
SC-1859,HOLD
SC-1860,HOLD
SC-1861,HOLD
SC-1862,HOLD
SC-1863,HOLD
SC-1864,HOLD
SC-1865,HOLD
SC-1866,HOLD
SC-1867,HOLD
SC-1868,HOLD
SC-1869,HOLD
SC-1870,HOLD
SC-1871,HOLD
SC-1872,HOLD
SC-1873,HOLD
SC-1874,HOLD
SC-1875,HOLD
SC-1876,HOLD
SC-1877,HOLD
SC-1878,HOLD
SC-1879,HOLD
SC-1880,CLEARED
SC-1881,CLEARED
SC-1882,CLEARED
SC-1883,CLEARED
SC-1884,CLEARED
SC-1885,CLEARED
SC-1886,CLEARED
SC-1887,CLEARED
SC-1888,CLEARED
SC-1889,CLEARED
SC-1890,CLEARED
SC-1891,CLEARED
SC-1892,CLEARED
SC-1893,CLEARED
SC-1894,CLEARED
SC-1895,CLEARED
SC-1896,CLEARED
SC-1897,CLEARED
SC-1898,CLEARED
SC-1899,CLEARED
SC-1900,CLEARED
SC-1901,CLEARED
SC-1902,CLEARED
SC-1903,CLEARED
SC-1904,CLEARED
SC-1905,CLEARED
SC-1906,CLEARED
SC-1907,CLEARED
SC-1908,CLEARED
SC-1909,CLEARED
SC-1910,CLEARED
SC-1911,CLEARED
SC-1912,CLEARED
SC-1913,CLEARED
SC-1914,CLEARED
SC-1915,CLEARED
SC-1916,CLEARED
SC-1917,CLEARED
SC-1918,CLEARED
SC-1919,CLEARED
SC-1920,CLEARED
SC-1921,CLEARED
SC-1922,CLEARED
SC-1923,CLEARED
SC-1924,CLEARED
SC-1925,CLEARED
SC-1926,CLEARED
SC-1927,CLEARED
SC-1928,PENDING
SC-1929,PENDING
SC-1930,PENDING
SC-1931,PENDING
SC-1932,PENDING
SC-1933,PENDING
SC-1934,PENDING
SC-1935,PENDING
SC-1936,PENDING
SC-1937,PENDING
SC-1938,PENDING
SC-1939,PENDING
SC-1940,PENDING
SC-1941,PENDING
SC-1942,PENDING
SC-1943,PENDING
SC-1944,PENDING
SC-1945,PENDING
SC-1946,PENDING
SC-1947,PENDING
SC-1948,PENDING
SC-1949,PENDING
SC-1950,PENDING
SC-1951,PENDING
SC-1952,PENDING
SC-1953,PENDING
SC-1954,PENDING
SC-1955,PENDING
SC-1956,PENDING
SC-1957,PENDING
SC-1958,PENDING
SC-1959,PENDING
SC-1960,PENDING
SC-1961,PENDING
SC-1962,PENDING
SC-1963,PENDING
SC-1964,PENDING
SC-1965,PENDING
SC-1966,PENDING
SC-1967,PENDING
SC-1968,PENDING
SC-1969,PENDING
SC-1970,PENDING
SC-1971,PENDING
SC-1972,PENDING
SC-1973,PENDING
SC-1974,PENDING
SC-1975,PENDING
SC-1976,HOLD
SC-1977,HOLD
SC-1978,HOLD
SC-1979,HOLD
SC-1980,HOLD
SC-1981,HOLD
SC-1982,HOLD
SC-1983,HOLD
SC-1984,HOLD
SC-1985,HOLD
SC-1986,HOLD
SC-1987,HOLD
SC-1988,HOLD
SC-1989,HOLD
SC-1990,HOLD
SC-1991,HOLD
SC-1992,HOLD
SC-1993,HOLD
SC-1994,HOLD
SC-1995,HOLD
SC-1996,HOLD
SC-1997,HOLD
SC-1998,HOLD
SC-1999,HOLD
SC-2000,HOLD
SC-2001,HOLD
SC-2002,HOLD
SC-2003,HOLD
SC-2004,HOLD
SC-2005,HOLD
SC-2006,HOLD
SC-2007,HOLD
SC-2008,CLEARED
SC-2009,CLEARED
SC-2010,CLEARED
SC-2011,CLEARED
SC-2012,CLEARED
SC-2013,CLEARED
SC-2014,CLEARED
SC-2015,CLEARED
SC-2016,CLEARED
SC-2017,CLEARED
SC-2018,CLEARED
SC-2019,CLEARED
SC-2020,CLEARED
SC-2021,CLEARED
SC-2022,CLEARED
SC-2023,CLEARED
SC-2024,CLEARED
SC-2025,CLEARED
SC-2026,CLEARED
SC-2027,CLEARED
SC-2028,CLEARED
SC-2029,CLEARED
SC-2030,CLEARED
SC-2031,CLEARED
SC-2032,CLEARED
SC-2033,CLEARED
SC-2034,CLEARED
SC-2035,CLEARED
SC-2036,CLEARED
SC-2037,CLEARED
SC-2038,CLEARED
SC-2039,CLEARED
SC-2096,CLEARED
SC-2097,CLEARED
SC-2098,CLEARED
SC-2099,CLEARED
SC-2100,CLEARED
SC-2101,CLEARED
SC-2102,CLEARED
SC-2103,CLEARED
SC-2104,CLEARED
SC-2105,CLEARED
SC-2106,CLEARED
SC-2107,CLEARED
SC-2108,CLEARED
SC-2109,CLEARED
SC-2110,CLEARED
SC-2111,CLEARED
SC-2112,CLEARED
SC-2113,CLEARED
SC-2114,CLEARED
SC-2115,CLEARED
SC-2116,CLEARED
SC-2117,CLEARED
SC-2118,CLEARED
SC-2119,CLEARED
SC-2120,CLEARED
SC-2121,CLEARED
SC-2122,CLEARED
SC-2123,CLEARED
SC-2124,CLEARED
SC-2125,CLEARED
SC-2126,CLEARED
SC-2127,CLEARED
SC-2128,CLEARED
SC-2129,CLEARED
SC-2130,CLEARED
SC-2131,CLEARED
SC-2132,CLEARED
SC-2133,CLEARED
SC-2134,CLEARED
SC-2135,CLEARED
SC-2136,CLEARED
SC-2137,CLEARED
SC-2138,CLEARED
SC-2139,CLEARED
SC-2140,CLEARED
SC-2141,CLEARED
SC-2142,CLEARED
SC-2143,CLEARED
SC-2144,CLEARED
SC-2145,CLEARED
SC-2146,HOLD
SC-2147,HOLD
SC-2148,HOLD
SC-2149,HOLD
SC-2150,HOLD
SC-2151,HOLD
SC-2152,HOLD
SC-2153,HOLD
SC-2154,HOLD
SC-2155,HOLD
SC-2156,CLEARED
SC-2157,CLEARED
SC-2158,CLEARED
SC-2159,CLEARED
SC-2160,CLEARED
SC-2161,CLEARED
SC-2162,CLEARED
SC-2163,CLEARED
SC-2164,CLEARED
SC-2165,CLEARED
SC-2166,CLEARED
SC-2167,CLEARED
SC-2168,CLEARED
SC-2169,CLEARED
SC-2170,CLEARED
SC-2171,CLEARED
SC-2172,CLEARED
SC-2173,CLEARED
SC-2174,CLEARED
SC-2175,CLEARED
SC-2176,CLEARED
SC-2177,CLEARED
SC-2178,CLEARED
SC-2179,CLEARED
SC-2180,CLEARED
SC-2181,CLEARED
SC-2182,CLEARED
SC-2183,CLEARED
SC-2184,CLEARED
SC-2185,HOLD
SC-2186,CLEARED
SC-2187,CLEARED
SC-2188,CLEARED
SC-2189,CLEARED
SC-2190,CLEARED
SC-2191,PENDING
SC-2192,PENDING
SC-2193,PENDING
SC-2194,PENDING
SC-2195,PENDING
SC-2196,CLEARED
SC-2197,CLEARED
SC-2198,CLEARED
SC-2199,CLEARED
SC-2200,CLEARED
SC-2201,CLEARED
SC-2202,CLEARED
SC-2203,CLEARED
SC-2204,CLEARED
SC-2205,CLEARED
SC-2206,CLEARED
SC-2207,CLEARED
SC-2208,CLEARED
SC-2209,CLEARED
SC-2210,CLEARED
SC-2211,CLEARED
SC-2212,CLEARED
SC-2213,CLEARED
SC-2214,CLEARED
SC-2215,CLEARED
SC-2216,CLEARED
SC-2217,CLEARED
SC-2218,CLEARED
SC-2219,CLEARED
SC-2220,CLEARED
SC-2221,CLEARED
SC-2222,CLEARED
SC-2223,CLEARED
SC-2224,CLEARED
SC-2225,CLEARED
SC-2226,CLEARED
SC-2227,CLEARED
SC-2228,CLEARED
SC-2229,CLEARED
SC-2230,CLEARED
SC-2231,CLEARED
SC-2232,CLEARED
SC-2233,CLEARED
SC-2234,CLEARED
SC-2235,CLEARED
SC-2236,CLEARED
SC-2237,CLEARED
SC-2238,CLEARED
SC-2239,CLEARED
SC-2240,CLEARED
SC-2241,CLEARED
SC-2242,CLEARED
SC-2243,CLEARED
SC-2244,CLEARED
SC-2245,CLEARED
SC-2246,CLEARED
SC-2247,CLEARED
SC-2248,CLEARED
SC-2249,CLEARED
SC-2250,CLEARED
SC-2251,CLEARED
SC-2252,CLEARED
SC-2253,CLEARED
SC-2254,CLEARED
SC-2255,CLEARED
SC-2256,CLEARED
SC-2257,CLEARED
SC-2258,CLEARED
SC-2259,CLEARED
SC-2260,CLEARED
SC-2261,CLEARED
SC-2262,CLEARED
SC-2263,CLEARED
SC-2264,CLEARED
SC-2265,CLEARED
SC-2266,CLEARED
SC-2267,CLEARED
SC-2268,CLEARED
SC-2269,CLEARED
SC-2270,CLEARED
SC-2271,CLEARED
SC-2272,CLEARED
SC-2273,CLEARED
SC-2274,CLEARED
SC-2275,CLEARED
SC-2276,HOLD
SC-2276,CLEARED
SC-2276,CLEARED
SC-2277,CLEARED
SC-2277,HOLD
SC-2277,CLEARED
SC-2278,CLEARED
SC-2278,CLEARED
SC-2278,HOLD
SC-2279,HOLD
SC-2279,HOLD
SC-2279,CLEARED
SC-2280,CLEARED
SC-2280,HOLD
SC-2281,HOLD
SC-2281,CLEARED
SC-2282,CLEARED
SC-2282,PENDING
SC-2282,CLEARED
SC-2283,CLEARED
SC-2283,CLEARED
SC-2283,PENDING
SC-2284,PENDING
SC-2284,CLEARED
SC-2285,CLEARED
SC-2285,PENDING
SC-2286,REVIEW
SC-2286,CLEARED
SC-2286,CLEARED
SC-2287,CLEARED
SC-2287,REVIEW
SC-2287,HOLD
SC-2288,HOLD
SC-2288,CLEARED
SC-2289,CLEARED
SC-2289,HOLD
SC-2289,CLEARED
SC-2290,CLEARED
SC-2290,PENDING
SC-2290,HOLD
SC-2291,CLEARED
SC-2291,CLEARED
SC-2291,CLEARED
SC-2292,HOLD
SC-2292,PENDING
SC-2292,CLEARED
SC-2293,ON_HOLD
SC-2294,CLEARED
SC-2294,PENDING
SC-2295,HOLD
SC-2295,CLEARED
SC-2295,HOLD
SC-2296,CLEARED
SC-2297,CLEARED
SC-2298,CLEARED
SC-2299,CLEARED
SC-2300,CLEARED
SC-2301,CLEARED
SC-2302,CLEARED
SC-2303,CLEARED
SC-2304,CLEARED
SC-2305,CLEARED
SC-2306,CLEARED
SC-2307,CLEARED
SC-2308,CLEARED
SC-2309,CLEARED
SC-2310,CLEARED
SC-2311,CLEARED
SC-2312,CLEARED
SC-2313,CLEARED
SC-2314,CLEARED
SC-2315,CLEARED
SC-2316,CLEARED
SC-2317,CLEARED
SC-2318,CLEARED
SC-2319,CLEARED
SC-2320,CLEARED
SC-2321,CLEARED
SC-2322,CLEARED
SC-2323,CLEARED
SC-2324,CLEARED
SC-2325,CLEARED
SC-2326,CLEARED
SC-2327,CLEARED
SC-2328,CLEARED
SC-2329,CLEARED
SC-2330,CLEARED
SC-2331,CLEARED
SC-2332,CLEARED
SC-2333,CLEARED
SC-2334,CLEARED
SC-2335,CLEARED
SC-2336,CLEARED
SC-2337,CLEARED
SC-2338,CLEARED
SC-2339,CLEARED
SC-2340,CLEARED
SC-2341,CLEARED
SC-2342,CLEARED
SC-2343,CLEARED
SC-2344,CLEARED
SC-2345,CLEARED
SC-2346,CLEARED
SC-2347,CLEARED
SC-2348,CLEARED
SC-2349,CLEARED
SC-2350,CLEARED
SC-2351,CLEARED
SC-2352,CLEARED
SC-2353,CLEARED
SC-2354,CLEARED
SC-2355,CLEARED
SC-2356,CLEARED
SC-2357,CLEARED
SC-2358,CLEARED
SC-2359,CLEARED
SC-2360,CLEARED
SC-2361,CLEARED
SC-2362,CLEARED
SC-2363,CLEARED
SC-2364,CLEARED
SC-2365,CLEARED
SC-2366,CLEARED
SC-2367,CLEARED
SC-2368,CLEARED
SC-2369,CLEARED
SC-2370,CLEARED
SC-2371,CLEARED
SC-2372,CLEARED
SC-2373,CLEARED
SC-2374,CLEARED
SC-2375,CLEARED
SC-2376,CLEARED
SC-2377,CLEARED
SC-2378,CLEARED
SC-2379,CLEARED
SC-2380,CLEARED
SC-2381,CLEARED
SC-2382,CLEARED
SC-2383,CLEARED
SC-2384,CLEARED
SC-2385,CLEARED
SC-2386,CLEARED
SC-2387,CLEARED
SC-2388,CLEARED
SC-2389,CLEARED
SC-2390,CLEARED
SC-2391,CLEARED
SC-2392,CLEARED
SC-2393,CLEARED
SC-2394,CLEARED
SC-2395,CLEARED
SC-2396,CLEARED
SC-2397,CLEARED
SC-2398,CLEARED
SC-2399,CLEARED
SC-2400,CLEARED
SC-2401,CLEARED
SC-2402,CLEARED
SC-2403,CLEARED
SC-2404,CLEARED
SC-2405,CLEARED
SC-2406,CLEARED
SC-2407,CLEARED
SC-2408,CLEARED
SC-2409,CLEARED
SC-2410,CLEARED
SC-2411,CLEARED
SC-2412,CLEARED
SC-2413,CLEARED
SC-2414,CLEARED
SC-2415,CLEARED
SC-2416,CLEARED
SC-2417,CLEARED
SC-2418,CLEARED
SC-2419,CLEARED
SC-2420,CLEARED
SC-2421,CLEARED
SC-2422,CLEARED
SC-2423,CLEARED
SC-2424,CLEARED
SC-2425,CLEARED
SC-2426,CLEARED
SC-2427,CLEARED
SC-2428,CLEARED
SC-2429,CLEARED
SC-2430,CLEARED
SC-2431,CLEARED
SC-2432,CLEARED
SC-2433,CLEARED
SC-2434,CLEARED
SC-2435,CLEARED
SC-2436,CLEARED
SC-2437,CLEARED
SC-2438,CLEARED
SC-2439,CLEARED
SC-2440,CLEARED
SC-2441,CLEARED
SC-2442,CLEARED
SC-2443,CLEARED
SC-2444,CLEARED
SC-2445,CLEARED
SC-2446,CLEARED
SC-2447,CLEARED
SC-2448,CLEARED
SC-2449,CLEARED
SC-2450,CLEARED
SC-2451,CLEARED
SC-2452,CLEARED
SC-2453,CLEARED
SC-2454,CLEARED
SC-2455,CLEARED
SC-2456,CLEARED
SC-2457,CLEARED
SC-2458,CLEARED
SC-2459,CLEARED
SC-2460,CLEARED
SC-2461,CLEARED
SC-2462,CLEARED
SC-2463,CLEARED
SC-2464,CLEARED
SC-2465,CLEARED
SC-2466,CLEARED
SC-2467,CLEARED
SC-2468,CLEARED
SC-2469,CLEARED
SC-2470,CLEARED
SC-2471,CLEARED
SC-2472,CLEARED
SC-2473,CLEARED
SC-2474,CLEARED
SC-2475,CLEARED
SC-2476,CLEARED
SC-2477,CLEARED
SC-2478,CLEARED
SC-2479,CLEARED
SC-2480,CLEARED
SC-2481,CLEARED
SC-2482,CLEARED
SC-2483,CLEARED
SC-2484,CLEARED
SC-2485,CLEARED
SC-2486,CLEARED
SC-2487,CLEARED
SC-2488,CLEARED
SC-2489,CLEARED
SC-2490,CLEARED
SC-2491,CLEARED
SC-2492,CLEARED
SC-2493,CLEARED
SC-2494,CLEARED
SC-2495,CLEARED
