script_id,speech_source
SC-01,presenter
SC-02,presenter
SC-03,presenter
SC-04,presenter
SC-05,third_party_testimony
SC-06,presenter
SC-07,presenter
SC-08,third_party_testimony
SC-09,presenter
SC-10,presenter
SC-11,third_party_testimony
SC-12,presenter
SC-13,presenter
SC-14,presenter
SC-15,presenter
SC-16,presenter
SC-17,presenter
SC-18,presenter
SC-19,presenter
SC-20,presenter
SC-21,presenter
SC-22,presenter
SC-23,presenter
SC-24, Third_Party_Testimony 
SC-25,presenter
SC-26,presenter
SC-27,presenter
SC-28,presenter
SC-29,presenter
SC-30,presenter
SC-31,presenter
SC-32,presenter
SC-33,presenter
SC-34,presenter
SC-35,presenter
SC-36,presenter
SC-37,third_party_testimony
SC-38,presenter
SC-39,presenter
SC-40,presenter
SC-41,presenter
SC-42,presenter
SC-43,presenter
SC-44,presenter
SC-45,third_party_testimony
SC-46,presenter
SC-47,presenter
SC-48,presenter
SC-49,presenter
SC-50,presenter
SC-51,presenter
SC-52,presenter
SC-53,presenter
SC-54,presenter
SC-55,presenter
SC-56,third_party
SC-57,presenter
SC-58,presenter
SC-59,presenter
SC-60,presenter
SC-61,presenter
SC-62,presenter
SC-63,presenter
SC-64,presenter
SC-81,presenter
SC-82,presenter
SC-83,third-party-testimony
SC-84,Third_Party_Testimony
SC-85,third_party
SC-86,presenter
SC-87,presenter
SC-88,presenter
SC-89,presenter
SC-90,presenter
SC-91,presenter
SC-92,presenter
SC-93,presenter
SC-94,presenter
SC-95,presenter
SC-96,presenter
SC-97,presenter
SC-98,presenter
SC-99,presenter
SC-100,presenter
SC-101,presenter
SC-102,presenter
SC-103,presenter
SC-104,presenter
SC-105,presenter
SC-106,presenter
SC-107,presenter
SC-108,presenter
SC-109,presenter
SC-110,presenter
SC-111,presenter
SC-112,presenter
SC-113,presenter
SC-114,presenter
SC-115,presenter
SC-115,third_party_testimony
SC-116,third_party_testimony
SC-116,presenter
SC-117,presenter
SC-118,presenter
SC-119,presenter
SC-120,presenter
SC-121,presenter
SC-122,presenter
SC-123,presenter
SC-124,presenter
SC-125,presenter
SC-126,presenter
SC-127,presenter
SC-128,presenter
SC-129,presenter
SC-130,presenter
SC-131,presenter
SC-132,presenter
SC-133,presenter
SC-134,presenter
SC-135,presenter
SC-136,presenter
SC-137,presenter
SC-138,presenter
SC-139,presenter
SC-140,presenter
SC-141,presenter
SC-142,presenter
SC-143,presenter
SC-144,presenter
SC-145,presenter
SC-146,presenter
SC-147,presenter
SC-148,presenter
SC-149,presenter
SC-150,presenter
SC-151,presenter
SC-152,presenter
SC-153,presenter
SC-154,presenter
SC-155,presenter
SC-156,presenter
SC-157,presenter
SC-158,presenter
SC-159,presenter
SC-160,presenter
SC-161,presenter
SC-162,presenter
SC-163,presenter
SC-164,presenter
SC-165,presenter
SC-166,presenter
SC-167,presenter
SC-168,presenter
SC-169,presenter
SC-170,presenter
SC-171,presenter
SC-172,presenter
SC-173,presenter
SC-174,presenter
SC-175,presenter
SC-176,presenter
SC-177,presenter
SC-178,presenter
SC-179,presenter
SC-180,presenter
SC-181,presenter
SC-182,presenter
SC-183,presenter
SC-184,third_party_testimony
SC-185,third_party
SC-186,presenter
SC-187,presenter
SC-188,presenter
SC-189,presenter
SC-190,presenter
SC-191,Third_Party_Testimony
SC-192,third-party-testimony
SC-193,third party testimony
SC-194,third_party_testimony!
SC-195, 
SC-197,thirdparty
SC-198,third_party_testimonies
SC-199,THIRD_PARTY_TESTIMONY
SC-200, third_party_testimony 
SC-201,presenter
SC-202,presenter
SC-203,presenter
SC-204,presenter
SC-205,presenter
SC-206,presenter
SC-207,presenter
SC-208,presenter
SC-209,presenter
SC-210,presenter
SC-211,presenter
SC-212,presenter
SC-213,presenter
SC-214,presenter
SC-215,presenter
SC-216,presenter
SC-217,presenter
SC-218,presenter
SC-219,presenter
SC-220,presenter
SC-221,presenter
SC-222,presenter
SC-223,presenter
SC-224,presenter
SC-225,presenter
SC-226,presenter
SC-227,presenter
SC-228,presenter
SC-229,presenter
SC-230,presenter
SC-231,presenter
SC-232,presenter
SC-233,presenter
SC-234,presenter
SC-235,presenter
SC-236,presenter
SC-237,presenter
SC-238,third_party_testimony
SC-239,third_party_testimony
SC-240,third_party_testimony
SC-241,third_party_testimony
SC-242,presenter
SC-243,presenter
SC-244,presenter
SC-245,presenter
SC-246,presenter
SC-247,third_party
SC-248,Third_Party_Testimony
SC-249,third_party_testimony
SC-250,presenter
SC-251,presenter
SC-252,presenter
SC-253,presenter
SC-254,presenter
SC-255,presenter
SC-256,presenter
SC-257,presenter
SC-258,presenter
SC-259,presenter
SC-260,presenter
SC-261,presenter
SC-262,presenter
SC-263,presenter
SC-264,presenter
SC-265,presenter
SC-266,presenter
SC-267,presenter
SC-268,presenter
SC-269,presenter
SC-270,presenter
SC-271,presenter
SC-272,presenter
SC-273,presenter
SC-274,presenter
SC-275,presenter
SC-276,presenter
SC-277,presenter
SC-278,presenter
SC-279,presenter
SC-280,presenter
SC-281,presenter
SC-282,presenter
SC-283,presenter
SC-284,presenter
SC-285,presenter
SC-286,presenter
SC-287,presenter
SC-288,presenter
SC-289,presenter
SC-290,presenter
SC-291,presenter
SC-292,presenter
SC-293,presenter
SC-294,presenter
SC-295,presenter
SC-296,presenter
SC-297,presenter
SC-298,presenter
SC-299,presenter
SC-300,presenter
SC-301,presenter
SC-302,presenter
SC-303,presenter
SC-304,presenter
SC-305,presenter
SC-306,presenter
SC-307,presenter
SC-308,presenter
SC-309,presenter
SC-310,presenter
SC-311,third_party_testimony
SC-312,Third_Party_Testimony
SC-313,THIRD_PARTY_TESTIMONY
SC-314, third_party_testimony 
SC-315,third_party
SC-316,Third_Party
SC-317,THIRD_PARTY
SC-318,third-party
SC-319,third-party-testimony
SC-320,third party
SC-321,third party testimony
SC-322,Third Party Testimony
SC-323,thirdparty
SC-324,thirdpartytestimony
SC-325,third_party_testimony!
SC-326,third_party_testimony.
SC-327,third_party_testimonies
SC-328,presenter
SC-329,Presenter
SC-330,PRESENTER
SC-331, 
SC-331,presenter
SC-332,presenter
SC-333,presenter
SC-334,presenter
SC-335,presenter
SC-336,presenter
SC-337,presenter
SC-338,presenter
SC-339,presenter
SC-340,presenter
SC-341,presenter
SC-342,presenter
SC-343,presenter
SC-344,presenter
SC-345,presenter
SC-346,presenter
SC-347,presenter
SC-348,presenter
SC-349,presenter
SC-350,presenter
SC-351,presenter
SC-352,presenter
SC-353,presenter
SC-354,presenter
SC-355,presenter
SC-356,presenter
SC-357,presenter
SC-358,presenter
SC-359,presenter
SC-360,presenter
SC-361,presenter
SC-362,presenter
SC-363,presenter
SC-364,presenter
SC-365,presenter
SC-366,presenter
SC-367,presenter
SC-368,presenter
SC-369,presenter
SC-371,presenter
SC-372,presenter
SC-373,presenter
SC-374,presenter
SC-375,presenter
SC-376,presenter
SC-377,presenter
SC-378,presenter
SC-379,presenter
SC-380,presenter
SC-381,presenter
SC-382,presenter
SC-383,presenter
SC-384,presenter
SC-385,presenter
SC-386,presenter
SC-387,presenter
SC-388,presenter
SC-389,presenter
SC-390,presenter
SC-391,presenter
SC-392,presenter
SC-393,presenter
SC-394,presenter
SC-395,presenter
SC-396,presenter
SC-397,presenter
SC-398,presenter
SC-399,presenter
SC-400,presenter
SC-401,presenter
SC-402,presenter
SC-403,presenter
SC-404,third_party_testimony
SC-405,third_party_testimony
SC-406,third_party
SC-407,presenter
SC-408,presenter
SC-409,presenter
SC-410,third_party_testimony
SC-411,third_party_testimony
SC-412,presenter
SC-413,presenter
SC-414,presenter
SC-415,presenter
SC-416,third_party_testimony
SC-417,presenter
SC-418,third_party_testimony
SC-419,presenter
SC-420,presenter
SC-421,presenter
SC-422,presenter
SC-423,presenter
SC-424,presenter
SC-425,presenter
SC-426,presenter
SC-427,presenter
SC-428,presenter
SC-429,presenter
SC-430,presenter
SC-431,presenter
SC-432,presenter
SC-433,presenter
SC-434,presenter
SC-435,presenter
SC-436,presenter
SC-437,presenter
SC-438,presenter
SC-439,presenter
SC-440,presenter
SC-441,presenter
SC-442,presenter
SC-443,presenter
SC-444,presenter
SC-445,presenter
SC-446,presenter
SC-447,presenter
SC-448,presenter
SC-449,presenter
SC-450,presenter
SC-451,presenter
SC-452,presenter
SC-453,presenter
SC-454,presenter
SC-455,presenter
SC-456,presenter
SC-457,presenter
SC-458,presenter
SC-459,presenter
SC-460,presenter
SC-461,presenter
SC-462,presenter
SC-463,presenter
SC-464,presenter
SC-465,presenter
SC-466,presenter
SC-467,presenter
SC-468,presenter
SC-469,presenter
SC-470,presenter
SC-471,presenter
SC-472,presenter
SC-473,presenter
SC-474,presenter
SC-475,presenter
SC-476,presenter
SC-477,presenter
SC-478,presenter
SC-479,presenter
SC-480,presenter
SC-481,presenter
SC-482,presenter
SC-483,presenter
SC-484,presenter
SC-485,presenter
SC-486,presenter
SC-487,presenter
SC-488,presenter
SC-489,presenter
SC-490,presenter
SC-491,presenter
SC-492,presenter
SC-493,presenter
SC-494,presenter
SC-495,presenter
SC-496,presenter
SC-497,presenter
SC-498,presenter
SC-499,presenter
SC-500,presenter
SC-501,presenter
SC-502,presenter
SC-503,presenter
SC-504,presenter
SC-505,presenter
SC-506,presenter
SC-507,presenter
SC-508,presenter
SC-509,presenter
SC-510,presenter
SC-511,presenter
SC-512,presenter
SC-513,presenter
SC-514,presenter
SC-515,presenter
SC-516,presenter
SC-517,presenter
SC-518,presenter
SC-519,presenter
SC-520,presenter
SC-521,presenter
SC-522,presenter
SC-523,presenter
SC-524,presenter
SC-525,presenter
SC-526,presenter
SC-527,presenter
SC-528,presenter
SC-529,presenter
SC-530,presenter
SC-531,presenter
SC-532,presenter
SC-533,presenter
SC-534,presenter
SC-535,presenter
SC-536,presenter
SC-537,presenter
SC-538,presenter
SC-539,presenter
SC-540,presenter
SC-541,presenter
SC-542,presenter
SC-543,presenter
SC-544,presenter
SC-545,presenter
SC-546,presenter
SC-547,presenter
SC-548,presenter
SC-549,presenter
SC-550,presenter
SC-551,presenter
SC-552,presenter
SC-553,presenter
SC-554,presenter
SC-555,presenter
SC-556,presenter
SC-557,presenter
SC-558,presenter
SC-559,presenter
SC-560,presenter
SC-561,presenter
SC-562,presenter
SC-563,presenter
SC-564,presenter
SC-565,presenter
SC-566,presenter
SC-567,presenter
SC-568,presenter
SC-569,presenter
SC-570,presenter
SC-571,presenter
SC-572,presenter
SC-573,presenter
SC-574,presenter
SC-575,presenter
SC-576,presenter
SC-577,presenter
SC-578,presenter
SC-579,presenter
SC-580,presenter
SC-581,presenter
SC-582,presenter
SC-583,presenter
SC-584,presenter
SC-585,presenter
SC-586,presenter
SC-587,presenter
SC-588,presenter
SC-589,presenter
SC-590,presenter
SC-591,presenter
SC-592,presenter
SC-593,presenter
SC-594,presenter
SC-595,presenter
SC-596,presenter
SC-597,presenter
SC-598,presenter
SC-599,presenter
SC-600,presenter
SC-601,presenter
SC-602,presenter
SC-603,third_party_testimony
SC-604,Third_Party_Testimony
SC-605,THIRD_PARTY_TESTIMONY
SC-606,third_party_testimony 
SC-607, third_party_testimony
SC-608, third_party_testimony 
SC-609,Third_party_testimony
SC-610,third_Party_Testimony
SC-611,"third_party_testimony
"
SC-612,"third_party_testimony
"
SC-613,third_party
SC-614,Third_Party
SC-615,THIRD_PARTY
SC-616,third-party
SC-617,third-party-testimony
SC-618,third party
SC-619,third party testimony
SC-620,Third Party Testimony
SC-621,thirdparty
SC-622,thirdpartytestimony
SC-623,third_party_testimony!
SC-624,third_party_testimony.
SC-625,"third_party_testimony,"
SC-626,third_party_testimony;
SC-627,third_party_testimony_extra
SC-628,third_party_testimonies
SC-629,presenter
SC-630,Presenter
SC-631,PRESENTER
SC-632,host
SC-633,speaker
SC-634,guest
SC-635,narrator
SC-636,author
SC-637,writer
SC-638,owner
SC-639,leader
SC-640,minister
SC-641,pastor
SC-642,preacher
SC-644, 
SC-645,none
SC-646,null
SC-647,N/A
SC-648,unknown
SC-649,unspecified
SC-650,other
SC-651,external
SC-652,internal
SC-653,presenter
SC-654,presenter
SC-655,presenter
SC-656,presenter
SC-657,presenter
SC-658,presenter
SC-659,presenter
SC-660,presenter
SC-661,presenter
SC-662,presenter
SC-663,presenter
SC-664,presenter
SC-665,presenter
SC-666,presenter
SC-667,presenter
SC-668,presenter
SC-669,presenter
SC-670,presenter
SC-671,presenter
SC-672,presenter
SC-673,presenter
SC-674,presenter
SC-675,presenter
SC-676,presenter
SC-677,presenter
SC-678,presenter
SC-679,presenter
SC-680,presenter
SC-681,presenter
SC-682,presenter
SC-683,presenter
SC-684,presenter
SC-685,presenter
SC-686,presenter
SC-687,presenter
SC-688,presenter
SC-689,presenter
SC-690,presenter
SC-691,presenter
SC-692,presenter
SC-693,presenter
SC-694,presenter
SC-695,presenter
SC-696,presenter
SC-697,presenter
SC-698,presenter
SC-699,presenter
SC-700,presenter
SC-701,presenter
SC-702,presenter
SC-703,presenter
SC-704,presenter
SC-705,presenter
SC-706,presenter
SC-707,presenter
SC-708,presenter
SC-709,presenter
SC-710,presenter
SC-711,presenter
SC-712,presenter
SC-713,presenter
SC-714,presenter
SC-715,presenter
SC-716,presenter
SC-717,presenter
SC-718,presenter
SC-719,presenter
SC-720,presenter
SC-721,presenter
SC-722,presenter
SC-723,presenter
SC-724,presenter
SC-725,presenter
SC-726,presenter
SC-727,presenter
SC-728,presenter
SC-729,presenter
SC-730,presenter
SC-731,presenter
SC-732,presenter
SC-733,presenter
SC-734,presenter
SC-735,presenter
SC-736,presenter
SC-737,presenter
SC-738,presenter
SC-739,presenter
SC-740,presenter
SC-741,presenter
SC-742,presenter
SC-743,presenter
SC-744,presenter
SC-745,presenter
SC-746,presenter
SC-747,presenter
SC-748,presenter
SC-749,presenter
SC-750,presenter
SC-751,presenter
SC-752,presenter
SC-753,presenter
SC-754,presenter
SC-755,presenter
SC-756,presenter
SC-757,presenter
SC-758,presenter
SC-759,presenter
SC-760,presenter
SC-761,presenter
SC-762,presenter
SC-763,presenter
SC-764,presenter
SC-765,presenter
SC-766,presenter
SC-767,presenter
SC-768,presenter
SC-769,presenter
SC-770,presenter
SC-771,presenter
SC-772,presenter
SC-773,presenter
SC-774,presenter
SC-775,presenter
SC-776,presenter
SC-777,presenter
SC-778,presenter
SC-779,presenter
SC-780,presenter
SC-781,presenter
SC-782,presenter
SC-783,presenter
SC-784,presenter
SC-785,presenter
SC-786,presenter
SC-787,presenter
SC-788,presenter
SC-789,presenter
SC-790,presenter
SC-791,presenter
SC-792,presenter
SC-793,presenter
SC-794,presenter
SC-795,presenter
SC-796,presenter
SC-797,presenter
SC-798,presenter
SC-799,presenter
SC-800,presenter
SC-801,presenter
SC-802,presenter
SC-803,presenter
SC-804,presenter
SC-805,presenter
SC-806,presenter
SC-807,presenter
SC-808,presenter
SC-809,presenter
SC-810,presenter
SC-811,presenter
SC-812,presenter
SC-813,presenter
SC-814,presenter
SC-815,presenter
SC-816,presenter
SC-817,presenter
SC-818,presenter
SC-819,presenter
SC-820,presenter
SC-821,presenter
SC-822,presenter
SC-823,presenter
SC-824,presenter
SC-825,presenter
SC-826,presenter
SC-827,presenter
SC-828,presenter
SC-829,presenter
SC-830,presenter
SC-831,presenter
SC-832,presenter
SC-833,presenter
SC-834,presenter
SC-835,presenter
SC-836,presenter
SC-837,presenter
SC-838,presenter
SC-839,presenter
SC-840,presenter
SC-841,presenter
SC-842,presenter
SC-843,presenter
SC-844,presenter
SC-845,presenter
SC-846,presenter
SC-847,presenter
SC-848,presenter
SC-849,presenter
SC-850,presenter
SC-851,presenter
SC-852,presenter
SC-853,presenter
SC-854,presenter
SC-855,presenter
SC-856,presenter
SC-857,presenter
SC-858,presenter
SC-859,presenter
SC-860,presenter
SC-861,presenter
SC-862,presenter
SC-863,presenter
SC-864,presenter
SC-865,presenter
SC-866,presenter
SC-867,presenter
SC-868,presenter
SC-869,presenter
SC-870,presenter
SC-871,presenter
SC-872,presenter
SC-873,presenter
SC-874,presenter
SC-875,presenter
SC-876,presenter
SC-877,presenter
SC-878,presenter
SC-879,presenter
SC-880,presenter
SC-881,presenter
SC-882,presenter
SC-883,presenter
SC-884,presenter
SC-885,presenter
SC-886,presenter
SC-887,presenter
SC-888,presenter
SC-889,presenter
SC-890,presenter
SC-891,presenter
SC-892,presenter
SC-893,presenter
SC-894,presenter
SC-895,presenter
SC-896,presenter
SC-897,presenter
SC-898,presenter
SC-899,presenter
SC-900,presenter
SC-901,presenter
SC-902,presenter
SC-903,presenter
SC-904,presenter
SC-905,third_party_testimony
SC-906,third_party
SC-908,presenter
SC-909,third_party_testimony
SC-910,third_party
SC-912,presenter
SC-913,third_party_testimony
SC-914,third_party
SC-916,presenter
SC-917,third_party_testimony
SC-918,third_party
SC-920,presenter
SC-921,third_party_testimony
SC-922,third_party
SC-924,presenter
SC-925,third_party_testimony
SC-926,third_party
SC-928,presenter
SC-929,third_party_testimony
SC-930,third_party
SC-932,presenter
SC-933,third_party_testimony
SC-934,third_party
SC-936,presenter
SC-937,presenter
SC-938,presenter
SC-939,presenter
SC-940,presenter
SC-941,presenter
SC-942,presenter
SC-943,presenter
SC-944,presenter
SC-945,presenter
SC-946,presenter
SC-947,presenter
SC-948,presenter
SC-949,presenter
SC-950,presenter
SC-951,presenter
SC-952,presenter
SC-953,presenter
SC-954,presenter
SC-955,presenter
SC-956,presenter
SC-957,presenter
SC-958,presenter
SC-959,presenter
SC-960,presenter
SC-961,presenter
SC-962,presenter
SC-963,presenter
SC-964,presenter
SC-965,presenter
SC-966,presenter
SC-967,presenter
SC-968,presenter
SC-969,presenter
SC-970,presenter
SC-971,presenter
SC-972,presenter
SC-973,presenter
SC-974,presenter
SC-975,presenter
SC-976,presenter
SC-977,presenter
SC-978,presenter
SC-979,presenter
SC-980,presenter
SC-981,presenter
SC-982,presenter
SC-983,presenter
SC-984,presenter
SC-985,presenter
SC-986,presenter
SC-987,presenter
SC-988,presenter
SC-989,presenter
SC-990,presenter
SC-991,presenter
SC-992,presenter
SC-993,presenter
SC-994,presenter
SC-995,presenter
SC-996,presenter
SC-997,presenter
SC-998,presenter
SC-999,presenter
SC-1000,presenter
SC-1001,presenter
SC-1002,presenter
SC-1003,presenter
SC-1004,presenter
SC-1005,presenter
SC-1006,presenter
SC-1007,presenter
SC-1008,presenter
SC-1009,presenter
SC-1010,presenter
SC-1011,presenter
SC-1012,presenter
SC-1013,presenter
SC-1014,presenter
SC-1015,presenter
SC-1016,presenter
SC-1017,presenter
SC-1018,presenter
SC-1019,presenter
SC-1020,presenter
SC-1021,presenter
SC-1022,presenter
SC-1023,presenter
SC-1024,presenter
SC-1025,presenter
SC-1026,presenter
SC-1027,presenter
SC-1028,presenter
SC-1029,presenter
SC-1030,presenter
SC-1031,presenter
SC-1032,presenter
SC-1033,presenter
SC-1034,presenter
SC-1035,presenter
SC-1036,presenter
SC-1037,presenter
SC-1038,presenter
SC-1039,presenter
SC-1040,presenter
SC-1041,presenter
SC-1042,presenter
SC-1043,presenter
SC-1044,presenter
SC-1045,presenter
SC-1046,presenter
SC-1047,presenter
SC-1048,presenter
SC-1049,presenter
SC-1050,presenter
SC-1051,presenter
SC-1052,presenter
SC-1053,presenter
SC-1054,presenter
SC-1055,presenter
SC-1056,presenter
SC-1057,presenter
SC-1058,presenter
SC-1059,presenter
SC-1060,presenter
SC-1061,presenter
SC-1062,presenter
SC-1063,presenter
SC-1064,presenter
SC-1065,presenter
SC-1066,presenter
SC-1067,presenter
SC-1068,presenter
SC-1069,presenter
SC-1070,presenter
SC-1071,presenter
SC-1072,presenter
SC-1073,presenter
SC-1074,presenter
SC-1075,presenter
SC-1076,presenter
SC-1077,presenter
SC-1078,presenter
SC-1079,presenter
SC-1080,presenter
SC-1081,presenter
SC-1082,presenter
SC-1083,presenter
SC-1084,presenter
SC-1085,presenter
SC-1086,presenter
SC-1087,presenter
SC-1088,presenter
SC-1089,presenter
SC-1090,presenter
SC-1091,presenter
SC-1092,presenter
SC-1093,presenter
SC-1094,presenter
SC-1095,presenter
SC-1096,presenter
SC-1097,presenter
SC-1098,presenter
SC-1099,presenter
SC-1100,presenter
SC-1101,presenter
SC-1102,presenter
SC-1103,presenter
SC-1104,presenter
SC-1105,presenter
SC-1106,presenter
SC-1107,presenter
SC-1108,presenter
SC-1109,presenter
SC-1110,presenter
SC-1111,presenter
SC-1112,presenter
SC-1113,presenter
SC-1114,presenter
SC-1115,presenter
SC-1116,presenter
SC-1117,presenter
SC-1118,presenter
SC-1119,presenter
SC-1120,presenter
SC-1121,presenter
SC-1122,presenter
SC-1123,presenter
SC-1124,presenter
SC-1125,presenter
SC-1126,presenter
SC-1127,presenter
SC-1128,presenter
SC-1129,presenter
SC-1130,presenter
SC-1131,presenter
SC-1132,presenter
SC-1133,presenter
SC-1134,presenter
SC-1135,presenter
SC-1136,presenter
SC-1137,presenter
SC-1138,presenter
SC-1139,presenter
SC-1140,presenter
SC-1141,presenter
SC-1142,presenter
SC-1143,presenter
SC-1144,presenter
SC-1145,presenter
SC-1146,presenter
SC-1147,presenter
SC-1148,presenter
SC-1149,presenter
SC-1150,presenter
SC-1151,presenter
SC-1152,presenter
SC-1153,presenter
SC-1154,presenter
SC-1155,presenter
SC-1156,presenter
SC-1157,presenter
SC-1158,presenter
SC-1159,presenter
SC-1160,presenter
SC-1161,presenter
SC-1162,presenter
SC-1163,presenter
SC-1164,presenter
SC-1165,presenter
SC-1166,presenter
SC-1167,presenter
SC-1168,presenter
SC-1169,presenter
SC-1170,presenter
SC-1171,presenter
SC-1172,presenter
SC-1173,presenter
SC-1174,presenter
SC-1175,presenter
SC-1176,presenter
SC-1177,presenter
SC-1178,presenter
SC-1179,presenter
SC-1180,presenter
SC-1181,presenter
SC-1182,presenter
SC-1183,presenter
SC-1184,presenter
SC-1185,presenter
SC-1186,presenter
SC-1187,presenter
SC-1188,presenter
SC-1189,presenter
SC-1190,presenter
SC-1191,presenter
SC-1192,presenter
SC-1193,presenter
SC-1194,presenter
SC-1195,presenter
SC-1196,presenter
SC-1197,presenter
SC-1198,presenter
SC-1199,presenter
SC-1200,presenter
SC-1201,presenter
SC-1202,presenter
SC-1203,presenter
SC-1204,presenter
SC-1205,presenter
SC-1206,presenter
SC-1207,presenter
SC-1208,presenter
SC-1209,presenter
SC-1210,presenter
SC-1211,presenter
SC-1212,presenter
SC-1213,presenter
SC-1214,presenter
SC-1215,presenter
SC-1216,presenter
SC-1217,presenter
SC-1218,third_party_testimony
SC-1219,third_party
SC-1220,presenter
SC-1221,presenter
SC-1222,third_party_testimony
SC-1223,third_party
SC-1224,presenter
SC-1225,presenter
SC-1226,third_party_testimony
SC-1227,third_party
SC-1228,presenter
SC-1229,presenter
SC-1230,third_party_testimony
SC-1231,third_party
SC-1232,presenter
SC-1233,presenter
SC-1234,third_party_testimony
SC-1235,third_party
SC-1236,presenter
SC-1237,presenter
SC-1238,third_party_testimony
SC-1239,third_party
SC-1240,presenter
SC-1241,presenter
SC-1242,third_party_testimony
SC-1243,third_party
SC-1244,presenter
SC-1245,presenter
SC-1246,third_party_testimony
SC-1247,third_party
SC-1248,presenter
SC-1249,presenter
SC-1250,third_party_testimony
SC-1251,third_party
SC-1252,presenter
SC-1253,presenter
SC-1254,third_party_testimony
SC-1255,third_party
SC-1256,presenter
SC-1257,presenter
SC-1258,third_party_testimony
SC-1259,third_party
SC-1260,presenter
SC-1261,presenter
SC-1262,third_party_testimony
SC-1263,third_party
SC-1264,presenter
SC-1265,presenter
SC-1266,third_party_testimony
SC-1267,third_party
SC-1268,presenter
SC-1269,presenter
SC-1270,third_party_testimony
SC-1271,third_party
SC-1272,presenter
SC-1273,presenter
SC-1274,third_party_testimony
SC-1275,third_party
SC-1276,presenter
SC-1277,presenter
SC-1278,third_party_testimony
SC-1279,third_party
SC-1280,presenter
SC-1281,presenter
SC-1282,third_party_testimony
SC-1283,third_party
SC-1284,presenter
SC-1285,presenter
SC-1286,third_party_testimony
SC-1287,third_party
SC-1288,presenter
SC-1289,presenter
SC-1290,third_party_testimony
SC-1291,third_party
SC-1292,presenter
SC-1293,presenter
SC-1294,third_party_testimony
SC-1295,third_party
SC-1296,presenter
SC-1297,presenter
SC-1298,third_party_testimony
SC-1299,third_party
SC-1300,presenter
SC-1301,presenter
SC-1302,third_party_testimony
SC-1303,third_party
SC-1304,presenter
SC-1305,presenter
SC-1306,third_party_testimony
SC-1307,third_party
SC-1308,presenter
SC-1309,presenter
SC-1310,third_party_testimony
SC-1311,third_party
SC-1312,presenter
SC-1313,presenter
SC-1314,third_party_testimony
SC-1315,third_party
SC-1316,presenter
SC-1317,presenter
SC-1318,third_party_testimony
SC-1319,third_party
SC-1320,presenter
SC-1321,presenter
SC-1322,third_party_testimony
SC-1323,third_party
SC-1324,presenter
SC-1325,presenter
SC-1326,third_party_testimony
SC-1327,third_party
SC-1328,presenter
SC-1329,presenter
SC-1330,third_party_testimony
SC-1331,third_party
SC-1332,presenter
SC-1333,presenter
SC-1334,third_party_testimony
SC-1335,third_party
SC-1336,presenter
SC-1337,presenter
SC-1338,third_party_testimony
SC-1339,third_party
SC-1340,presenter
SC-1341,presenter
SC-1342,third_party_testimony
SC-1343,third_party
SC-1344,presenter
SC-1345,presenter
SC-1346,third_party_testimony
SC-1347,third_party
SC-1348,presenter
SC-1349,presenter
SC-1350,third_party_testimony
SC-1351,third_party
SC-1352,presenter
SC-1353,presenter
SC-1354,third_party_testimony
SC-1355,third_party
SC-1356,presenter
SC-1357,presenter
SC-1358,third_party_testimony
SC-1359,third_party
SC-1360,presenter
SC-1361,presenter
SC-1362,third_party_testimony
SC-1363,third_party
SC-1364,presenter
SC-1365,presenter
SC-1366,third_party_testimony
SC-1367,third_party
SC-1368,presenter
SC-1369,presenter
SC-1370,third_party_testimony
SC-1371,third_party
SC-1372,presenter
SC-1373,presenter
SC-1374,third_party_testimony
SC-1375,third_party
SC-1376,presenter
SC-1377,presenter
SC-1378,third_party_testimony
SC-1379,third_party
SC-1380,presenter
SC-1381,presenter
SC-1382,third_party_testimony
SC-1383,third_party
SC-1384,presenter
SC-1385,presenter
SC-1386,third_party_testimony
SC-1387,third_party
SC-1388,presenter
SC-1389,presenter
SC-1390,third_party_testimony
SC-1391,third_party
SC-1392,presenter
SC-1393,presenter
SC-1394,third_party_testimony
SC-1395,third_party
SC-1396,presenter
SC-1397,presenter
SC-1398,third_party_testimony
SC-1399,third_party
SC-1400,presenter
SC-1401,presenter
SC-1402,third_party_testimony
SC-1403,third_party
SC-1404,presenter
SC-1405,presenter
SC-1406,third_party_testimony
SC-1407,third_party
SC-1408,presenter
SC-1409,presenter
SC-1410,third_party_testimony
SC-1411,third_party
SC-1412,presenter
SC-1413,presenter
SC-1414,third_party_testimony
SC-1415,third_party
SC-1416,presenter
SC-1417,presenter
SC-1418,third_party_testimony
SC-1419,third_party
SC-1420,presenter
SC-1421,presenter
SC-1422,third_party_testimony
SC-1423,third_party
SC-1424,presenter
SC-1425,presenter
SC-1426,third_party_testimony
SC-1427,third_party
SC-1428,presenter
SC-1429,presenter
SC-1430,third_party_testimony
SC-1431,third_party
SC-1432,presenter
SC-1433,presenter
SC-1434,third_party_testimony
SC-1435,third_party
SC-1436,presenter
SC-1437,presenter
SC-1438,third_party_testimony
SC-1439,third_party
SC-1440,presenter
SC-1441,presenter
SC-1442,third_party_testimony
SC-1443,third_party
SC-1444,presenter
SC-1445,presenter
SC-1446,third_party_testimony
SC-1447,third_party
SC-1448,presenter
SC-1449,presenter
SC-1450,third_party_testimony
SC-1451,third_party
SC-1452,presenter
SC-1453,presenter
SC-1454,third_party_testimony
SC-1455,third_party
SC-1456,presenter
SC-1457,presenter
SC-1458,third_party_testimony
SC-1459,third_party
SC-1460,presenter
SC-1461,presenter
SC-1462,third_party_testimony
SC-1463,third_party
SC-1464,presenter
SC-1465,presenter
SC-1466,third_party_testimony
SC-1467,third_party
SC-1468,presenter
SC-1469,presenter
SC-1470,third_party_testimony
SC-1471,third_party
SC-1472,presenter
SC-1473,presenter
SC-1474,third_party_testimony
SC-1475,third_party
SC-1476,presenter
SC-1477,presenter
SC-1478,third_party_testimony
SC-1479,third_party
SC-1480,presenter
SC-1481,presenter
SC-1482,third_party_testimony
SC-1483,third_party
SC-1484,presenter
SC-1485,presenter
SC-1486,third_party_testimony
SC-1487,third_party
SC-1488,presenter
SC-1489,presenter
SC-1490,third_party_testimony
SC-1491,third_party
SC-1492,presenter
SC-1493,presenter
SC-1494,third_party_testimony
SC-1495,third_party
SC-1496,presenter
SC-1497,presenter
SC-1498,third_party_testimony
SC-1499,third_party
SC-1500,presenter
SC-1501,presenter
SC-1502,third_party_testimony
SC-1503,third_party
SC-1504,presenter
SC-1505,presenter
SC-1506,presenter
SC-1507,presenter
SC-1508,presenter
SC-1509,presenter
SC-1510,presenter
SC-1511,presenter
SC-1512,presenter
SC-1513,presenter
SC-1514,presenter
SC-1515,presenter
SC-1516,presenter
SC-1517,presenter
SC-1518,presenter
SC-1519,presenter
SC-1520,presenter
SC-1521,presenter
SC-1522,presenter
SC-1523,presenter
SC-1524,presenter
SC-1525,presenter
SC-1526,presenter
SC-1527,presenter
SC-1528,presenter
SC-1529,presenter
SC-1530,presenter
SC-1531,presenter
SC-1532,presenter
SC-1533,presenter
SC-1534,presenter
SC-1535,presenter
SC-1536,presenter
SC-1537,presenter
SC-1538,presenter
SC-1539,presenter
SC-1540,presenter
SC-1541,presenter
SC-1542,presenter
SC-1543,presenter
SC-1544,presenter
SC-1545,presenter
SC-1546,presenter
SC-1547,presenter
SC-1548,presenter
SC-1549,presenter
SC-1550,presenter
SC-1551,presenter
SC-1552,presenter
SC-1553,presenter
SC-1554,presenter
SC-1555,presenter
SC-1556,presenter
SC-1557,presenter
SC-1558,presenter
SC-1559,presenter
SC-1560,presenter
SC-1561,presenter
SC-1562,presenter
SC-1563,presenter
SC-1564,presenter
SC-1565,presenter
SC-1566,presenter
SC-1567,presenter
SC-1568,presenter
SC-1569,presenter
SC-1570,presenter
SC-1571,presenter
SC-1572,presenter
SC-1573,presenter
SC-1574,presenter
SC-1575,presenter
SC-1576,presenter
SC-1577,presenter
SC-1578,presenter
SC-1579,presenter
SC-1580,presenter
SC-1581,presenter
SC-1582,presenter
SC-1583,presenter
SC-1584,presenter
SC-1585,presenter
SC-1586,presenter
SC-1587,presenter
SC-1588,presenter
SC-1589,presenter
SC-1590,presenter
SC-1591,presenter
SC-1592,presenter
SC-1593,presenter
SC-1594,presenter
SC-1595,presenter
SC-1596,presenter
SC-1597,presenter
SC-1598,presenter
SC-1599,presenter
SC-1600,presenter
SC-1601,presenter
SC-1602,presenter
SC-1603,presenter
SC-1604,presenter
SC-1605,presenter
SC-1606,presenter
SC-1607,presenter
SC-1608,presenter
SC-1609,presenter
SC-1610,presenter
SC-1611,presenter
SC-1612,presenter
SC-1613,presenter
SC-1614,presenter
SC-1615,presenter
SC-1616,third_party_testimony
SC-1617,third_party_testimony
SC-1618,third_party_testimony
SC-1619,third_party_testimony
SC-1620,third_party_testimony
SC-1621,third_party_testimony
SC-1622,third_party_testimony
SC-1623,third_party_testimony
SC-1624,third_party_testimony
SC-1625,third_party_testimony
SC-1626,third_party_testimony
SC-1627,third_party_testimony
SC-1628,third_party_testimony
SC-1629,third_party_testimony
SC-1630,third_party_testimony
SC-1631,third_party_testimony
SC-1632,third_party_testimony
SC-1633,third_party_testimony
SC-1634,third_party_testimony
SC-1635,third_party_testimony
SC-1636,third_party_testimony
SC-1637,third_party_testimony
SC-1638,third_party_testimony
SC-1639,third_party_testimony
SC-1640,third_party_testimony
SC-1641,third_party_testimony
SC-1642,third_party_testimony
SC-1643,third_party_testimony
SC-1644,third_party_testimony
SC-1645,third_party_testimony
SC-1646,third_party_testimony
SC-1647,third_party_testimony
SC-1648,third_party_testimony
SC-1649,third_party_testimony
SC-1650,third_party_testimony
SC-1651,third_party_testimony
SC-1652,third_party_testimony
SC-1653,third_party_testimony
SC-1654,third_party_testimony
SC-1655,third_party_testimony
SC-1656,third_party_testimony
SC-1657,third_party_testimony
SC-1658,third_party_testimony
SC-1659,third_party_testimony
SC-1660,third_party_testimony
SC-1661,third_party_testimony
SC-1662,third_party_testimony
SC-1663,third_party_testimony
SC-1664,third_party
SC-1665,third_party
SC-1666,third_party
SC-1667,third_party
SC-1668,third_party
SC-1669,third_party
SC-1670,third_party
SC-1671,third_party
SC-1672,third_party
SC-1673,third_party
SC-1674,third_party
SC-1675,third_party
SC-1676,third_party
SC-1677,third_party
SC-1678,third_party
SC-1679,third_party
SC-1680,third_party
SC-1681,third_party
SC-1682,third_party
SC-1683,third_party
SC-1684,third_party
SC-1685,third_party
SC-1686,third_party
SC-1687,third_party
SC-1688,third_party
SC-1689,third_party
SC-1690,third_party
SC-1691,third_party
SC-1692,third_party
SC-1693,third_party
SC-1694,third_party
SC-1695,third_party
SC-1696,third_party
SC-1697,third_party
SC-1698,third_party
SC-1699,third_party
SC-1700,third_party
SC-1701,third_party
SC-1702,third_party
SC-1703,third_party
SC-1704,third_party
SC-1705,third_party
SC-1706,third_party
SC-1707,third_party
SC-1708,third_party
SC-1709,third_party
SC-1710,third_party
SC-1711,third_party
SC-1712,presenter
SC-1713,presenter
SC-1714,presenter
SC-1715,presenter
SC-1716,presenter
SC-1717,presenter
SC-1718,presenter
SC-1719,presenter
SC-1720,presenter
SC-1721,presenter
SC-1722,presenter
SC-1723,presenter
SC-1724,presenter
SC-1725,presenter
SC-1726,presenter
SC-1727,presenter
SC-1728,presenter
SC-1729,presenter
SC-1730,presenter
SC-1731,presenter
SC-1732,presenter
SC-1733,presenter
SC-1734,presenter
SC-1735,presenter
SC-1736,presenter
SC-1737,presenter
SC-1738,presenter
SC-1739,presenter
SC-1740,presenter
SC-1741,presenter
SC-1742,presenter
SC-1743,presenter
SC-1744,presenter
SC-1745,presenter
SC-1746,presenter
SC-1747,presenter
SC-1748,presenter
SC-1749,presenter
SC-1750,presenter
SC-1751,presenter
SC-1752,presenter
SC-1753,presenter
SC-1754,presenter
SC-1755,presenter
SC-1756,presenter
SC-1757,presenter
SC-1758,presenter
SC-1759,presenter
SC-1760,third_party_testimony
SC-1761,third_party_testimony
SC-1762,third_party_testimony
SC-1763,third_party_testimony
SC-1764,third_party_testimony
SC-1765,third_party_testimony
SC-1766,third_party_testimony
SC-1767,third_party_testimony
SC-1768,presenter
SC-1769,third_party_testimony
SC-1770,presenter
SC-1771,third_party_testimony
SC-1772,presenter
SC-1773,third_party_testimony
SC-1774,presenter
SC-1775,third_party_testimony
SC-1776,presenter
SC-1777,third_party_testimony
SC-1778,presenter
SC-1779,third_party_testimony
SC-1780,presenter
SC-1781,third_party_testimony
SC-1782,presenter
SC-1783,third_party_testimony
SC-1784,presenter
SC-1785,third_party_testimony
SC-1786,presenter
SC-1787,third_party_testimony
SC-1788,presenter
SC-1789,third_party_testimony
SC-1790,presenter
SC-1791,third_party_testimony
SC-1792,presenter
SC-1793,third_party_testimony
SC-1794,presenter
SC-1795,third_party_testimony
SC-1796,presenter
SC-1797,third_party_testimony
SC-1798,presenter
SC-1799,third_party_testimony
SC-1800,presenter
SC-1801,third_party_testimony
SC-1802,presenter
SC-1803,third_party_testimony
SC-1804,presenter
SC-1805,third_party_testimony
SC-1806,presenter
SC-1807,third_party_testimony
SC-1808,presenter
SC-1809,third_party_testimony
SC-1810,presenter
SC-1811,third_party_testimony
SC-1812,presenter
SC-1813,third_party_testimony
SC-1814,presenter
SC-1815,third_party_testimony
SC-1816,presenter
SC-1817,third_party_testimony
SC-1818,presenter
SC-1819,third_party_testimony
SC-1820,presenter
SC-1821,third_party_testimony
SC-1822,presenter
SC-1823,third_party_testimony
SC-1824,presenter
SC-1825,third_party_testimony
SC-1826,presenter
SC-1827,third_party_testimony
SC-1828,presenter
SC-1829,third_party_testimony
SC-1830,presenter
SC-1831,third_party_testimony
SC-1832,presenter
SC-1833,third_party_testimony
SC-1834,presenter
SC-1835,third_party_testimony
SC-1836,presenter
SC-1837,third_party_testimony
SC-1838,presenter
SC-1839,third_party_testimony
SC-1840,presenter
SC-1841,third_party_testimony
SC-1842,presenter
SC-1843,third_party_testimony
SC-1844,presenter
SC-1845,third_party_testimony
SC-1846,presenter
SC-1847,third_party_testimony
SC-1848,presenter
SC-1849,third_party_testimony
SC-1850,presenter
SC-1851,third_party_testimony
SC-1852,presenter
SC-1853,third_party_testimony
SC-1854,presenter
SC-1855,third_party_testimony
SC-1856,presenter
SC-1857,third_party_testimony
SC-1858,presenter
SC-1859,third_party_testimony
SC-1860,presenter
SC-1861,third_party_testimony
SC-1862,presenter
SC-1863,third_party_testimony
SC-1864,presenter
SC-1865,third_party_testimony
SC-1866,presenter
SC-1867,third_party_testimony
SC-1868,presenter
SC-1869,third_party_testimony
SC-1870,presenter
SC-1871,third_party_testimony
SC-1872,presenter
SC-1873,third_party_testimony
SC-1874,presenter
SC-1875,third_party_testimony
SC-1876,presenter
SC-1877,third_party_testimony
SC-1878,presenter
SC-1879,third_party_testimony
SC-1880,presenter
SC-1881,third_party_testimony
SC-1882,presenter
SC-1883,third_party_testimony
SC-1884,presenter
SC-1885,third_party_testimony
SC-1886,presenter
SC-1887,third_party_testimony
SC-1888,presenter
SC-1889,third_party_testimony
SC-1890,presenter
SC-1891,third_party_testimony
SC-1892,presenter
SC-1893,third_party_testimony
SC-1894,presenter
SC-1895,third_party_testimony
SC-1896,presenter
SC-1897,third_party_testimony
SC-1898,presenter
SC-1899,third_party_testimony
SC-1900,presenter
SC-1901,third_party_testimony
SC-1902,presenter
SC-1903,third_party_testimony
SC-1904,presenter
SC-1905,third_party_testimony
SC-1906,presenter
SC-1907,third_party_testimony
SC-1908,presenter
SC-1909,third_party_testimony
SC-1910,presenter
SC-1911,third_party_testimony
SC-1912,presenter
SC-1913,third_party_testimony
SC-1914,presenter
SC-1915,third_party_testimony
SC-1916,presenter
SC-1917,third_party_testimony
SC-1918,presenter
SC-1919,third_party_testimony
SC-1920,presenter
SC-1921,third_party_testimony
SC-1922,presenter
SC-1923,third_party_testimony
SC-1924,presenter
SC-1925,third_party_testimony
SC-1926,presenter
SC-1927,third_party_testimony
SC-1928,presenter
SC-1929,third_party_testimony
SC-1930,presenter
SC-1931,third_party_testimony
SC-1932,presenter
SC-1933,third_party_testimony
SC-1934,presenter
SC-1935,third_party_testimony
SC-1936,presenter
SC-1937,third_party_testimony
SC-1938,presenter
SC-1939,third_party_testimony
SC-1940,presenter
SC-1941,third_party_testimony
SC-1942,presenter
SC-1943,third_party_testimony
SC-1944,presenter
SC-1945,third_party_testimony
SC-1946,presenter
SC-1947,third_party_testimony
SC-1948,presenter
SC-1949,third_party_testimony
SC-1950,presenter
SC-1951,third_party_testimony
SC-1952,presenter
SC-1953,third_party_testimony
SC-1954,presenter
SC-1955,third_party_testimony
SC-1956,presenter
SC-1957,third_party_testimony
SC-1958,presenter
SC-1959,third_party_testimony
SC-1960,presenter
SC-1961,third_party_testimony
SC-1962,presenter
SC-1963,third_party_testimony
SC-1964,presenter
SC-1965,third_party_testimony
SC-1966,presenter
SC-1967,third_party_testimony
SC-1968,presenter
SC-1969,third_party_testimony
SC-1970,presenter
SC-1971,third_party_testimony
SC-1972,presenter
SC-1973,third_party_testimony
SC-1974,presenter
SC-1975,third_party_testimony
SC-1976,presenter
SC-1977,third_party_testimony
SC-1978,presenter
SC-1979,third_party_testimony
SC-1980,presenter
SC-1981,third_party_testimony
SC-1982,presenter
SC-1983,third_party_testimony
SC-1984,presenter
SC-1985,third_party_testimony
SC-1986,presenter
SC-1987,third_party_testimony
SC-1988,presenter
SC-1989,third_party_testimony
SC-1990,presenter
SC-1991,third_party_testimony
SC-1992,presenter
SC-1993,third_party_testimony
SC-1994,presenter
SC-1995,third_party_testimony
SC-1996,presenter
SC-1997,third_party_testimony
SC-1998,presenter
SC-1999,third_party_testimony
SC-2000,presenter
SC-2001,third_party_testimony
SC-2002,presenter
SC-2003,third_party_testimony
SC-2004,presenter
SC-2005,third_party_testimony
SC-2006,presenter
SC-2007,third_party_testimony
SC-2008,presenter
SC-2009,third_party_testimony
SC-2010,presenter
SC-2011,third_party_testimony
SC-2012,presenter
SC-2013,third_party_testimony
SC-2014,presenter
SC-2015,third_party_testimony
SC-2016,presenter
SC-2017,third_party_testimony
SC-2018,presenter
SC-2019,third_party_testimony
SC-2020,presenter
SC-2021,third_party_testimony
SC-2022,presenter
SC-2023,third_party_testimony
SC-2024,presenter
SC-2025,third_party_testimony
SC-2026,presenter
SC-2027,third_party_testimony
SC-2028,presenter
SC-2029,third_party_testimony
SC-2030,presenter
SC-2031,third_party_testimony
SC-2032,presenter
SC-2033,third_party_testimony
SC-2034,presenter
SC-2035,third_party_testimony
SC-2036,presenter
SC-2037,third_party_testimony
SC-2038,presenter
SC-2039,third_party_testimony
SC-2096,presenter
SC-2097,presenter
SC-2098,presenter
SC-2099,presenter
SC-2100,presenter
SC-2101,presenter
SC-2102,presenter
SC-2103,presenter
SC-2104,presenter
SC-2105,presenter
SC-2106,presenter
SC-2107,presenter
SC-2108,presenter
SC-2109,presenter
SC-2110,presenter
SC-2111,presenter
SC-2112,presenter
SC-2113,presenter
SC-2114,presenter
SC-2115,presenter
SC-2116,presenter
SC-2117,presenter
SC-2118,presenter
SC-2119,presenter
SC-2120,presenter
SC-2121,presenter
SC-2122,presenter
SC-2123,presenter
SC-2124,presenter
SC-2125,presenter
SC-2126,presenter
SC-2127,presenter
SC-2128,presenter
SC-2129,presenter
SC-2130,presenter
SC-2131,presenter
SC-2132,presenter
SC-2133,presenter
SC-2134,presenter
SC-2135,presenter
SC-2136,presenter
SC-2137,presenter
SC-2138,presenter
SC-2139,presenter
SC-2140,presenter
SC-2141,presenter
SC-2142,presenter
SC-2143,presenter
SC-2144,presenter
SC-2145,presenter
SC-2146,presenter
SC-2147,presenter
SC-2148,presenter
SC-2149,presenter
SC-2150,presenter
SC-2151,presenter
SC-2152,presenter
SC-2153,presenter
SC-2154,presenter
SC-2155,presenter
SC-2156,presenter
SC-2157,presenter
SC-2158,presenter
SC-2159,presenter
SC-2160,presenter
SC-2161,presenter
SC-2162,presenter
SC-2163,presenter
SC-2164,presenter
SC-2165,presenter
SC-2166,presenter
SC-2167,presenter
SC-2168,presenter
SC-2169,presenter
SC-2170,presenter
SC-2171,presenter
SC-2172,presenter
SC-2173,presenter
SC-2174,presenter
SC-2175,presenter
SC-2176,presenter
SC-2177,presenter
SC-2178,presenter
SC-2179,presenter
SC-2180,presenter
SC-2181,presenter
SC-2182,presenter
SC-2183,presenter
SC-2184,presenter
SC-2185,presenter
SC-2186,presenter
SC-2187,presenter
SC-2188,presenter
SC-2189,presenter
SC-2190,presenter
SC-2191,presenter
SC-2192,presenter
SC-2193,presenter
SC-2194,presenter
SC-2195,presenter
SC-2196,presenter
SC-2197,presenter
SC-2198,presenter
SC-2199,presenter
SC-2200,presenter
SC-2201,presenter
SC-2202,presenter
SC-2203,presenter
SC-2204,presenter
SC-2205,presenter
SC-2206,presenter
SC-2207,presenter
SC-2208,presenter
SC-2209,presenter
SC-2210,presenter
SC-2211,presenter
SC-2212,presenter
SC-2213,presenter
SC-2214,presenter
SC-2215,presenter
SC-2216,presenter
SC-2217,presenter
SC-2218,presenter
SC-2219,presenter
SC-2220,presenter
SC-2221,presenter
SC-2222,presenter
SC-2223,presenter
SC-2224,presenter
SC-2225,presenter
SC-2226,presenter
SC-2227,presenter
SC-2228,presenter
SC-2229,presenter
SC-2230,presenter
SC-2231,presenter
SC-2232,presenter
SC-2233,third_party_testimony
SC-2234,third_party_testimony
SC-2235,third_party_testimony
SC-2236,Third_Party_Testimony
SC-2237,third_party_testimony
SC-2238,third_party_testimony
SC-2239,presenter
SC-2240,presenter
SC-2241,presenter
SC-2242,presenter
SC-2243,presenter
SC-2244,presenter
SC-2245,presenter
SC-2246,presenter
SC-2247,presenter
SC-2248,presenter
SC-2249,presenter
SC-2250,presenter
SC-2251,presenter
SC-2252,presenter
SC-2253,presenter
SC-2254,presenter
SC-2255,presenter
SC-2256,presenter
SC-2257,presenter
SC-2258,presenter
SC-2259,presenter
SC-2260,presenter
SC-2261,presenter
SC-2262,presenter
SC-2263,presenter
SC-2264,presenter
SC-2265,presenter
SC-2266,presenter
SC-2267,third_party_testimony
SC-2268,presenter
SC-2269,presenter
SC-2270,presenter
SC-2271,presenter
SC-2272,presenter
SC-2273,presenter
SC-2274,presenter
SC-2275,presenter
SC-2276,presenter
SC-2277,presenter
SC-2278,presenter
SC-2279,presenter
SC-2280,presenter
SC-2281,presenter
SC-2282,presenter
SC-2283,presenter
SC-2284,presenter
SC-2285,presenter
SC-2286,presenter
SC-2287,presenter
SC-2288,presenter
SC-2289,presenter
SC-2290,presenter
SC-2291,presenter
SC-2292,presenter
SC-2293,presenter
SC-2294,presenter
SC-2295,presenter
SC-2296,presenter
SC-2297,presenter
SC-2298,presenter
SC-2299,presenter
SC-2300,presenter
SC-2301,presenter
SC-2302,presenter
SC-2303,presenter
SC-2304,presenter
SC-2305,presenter
SC-2306,presenter
SC-2307,presenter
SC-2308,presenter
SC-2309,presenter
SC-2310,presenter
SC-2311,presenter
SC-2312,presenter
SC-2313,presenter
SC-2314,presenter
SC-2315,presenter
SC-2316,presenter
SC-2317,presenter
SC-2318,presenter
SC-2319,presenter
SC-2320,presenter
SC-2321,presenter
SC-2322,presenter
SC-2323,presenter
SC-2324,presenter
SC-2325,presenter
SC-2326,presenter
SC-2327,presenter
SC-2328,presenter
SC-2329,presenter
SC-2330,presenter
SC-2331,presenter
SC-2332,presenter
SC-2333,presenter
SC-2334,presenter
SC-2335,presenter
SC-2336,presenter
SC-2337,presenter
SC-2338,presenter
SC-2339,presenter
SC-2340,presenter
SC-2341,presenter
SC-2342,presenter
SC-2343,presenter
SC-2344,presenter
SC-2345,presenter
SC-2346,presenter
SC-2347,presenter
SC-2348,presenter
SC-2349,presenter
SC-2350,presenter
SC-2351,presenter
SC-2352,presenter
SC-2353,presenter
SC-2354,presenter
SC-2355,presenter
SC-2356,presenter
SC-2357,presenter
SC-2358,presenter
SC-2359,presenter
SC-2360,presenter
SC-2361,presenter
SC-2362,presenter
SC-2363,presenter
SC-2364,presenter
SC-2365,presenter
SC-2366,presenter
SC-2367,presenter
SC-2368,presenter
SC-2369,presenter
SC-2370,presenter
SC-2371,presenter
SC-2372,presenter
SC-2373,presenter
SC-2374,presenter
SC-2375,presenter
SC-2376,presenter
SC-2377,presenter
SC-2378,presenter
SC-2379,presenter
SC-2380,presenter
SC-2381,presenter
SC-2382,presenter
SC-2383,presenter
SC-2384,presenter
SC-2385,presenter
SC-2386,presenter
SC-2387,presenter
SC-2388,presenter
SC-2389,presenter
SC-2390,presenter
SC-2391,presenter
SC-2392,presenter
SC-2393,presenter
SC-2394,presenter
SC-2395,presenter
SC-2396,presenter
SC-2397,presenter
SC-2398,presenter
SC-2399,presenter
SC-2400,presenter
SC-2401,presenter
SC-2402,presenter
SC-2403,presenter
SC-2404,presenter
SC-2405,presenter
SC-2406,presenter
SC-2407,presenter
SC-2408,presenter
SC-2409,presenter
SC-2410,presenter
SC-2411,presenter
SC-2412,presenter
SC-2413,presenter
SC-2414,presenter
SC-2415,presenter
SC-2416,presenter
SC-2417,presenter
SC-2418,presenter
SC-2419,presenter
SC-2420,presenter
SC-2421,presenter
SC-2422,presenter
SC-2423,presenter
SC-2424,presenter
SC-2425,presenter
SC-2426,presenter
SC-2427,presenter
SC-2428,presenter
SC-2429,presenter
SC-2430,presenter
SC-2431,presenter
SC-2432,presenter
SC-2433,presenter
SC-2434,presenter
SC-2435,presenter
SC-2436,third_party_testimony
SC-2437,third_party_testimony
SC-2438,third_party_testimony
SC-2439,third_party_testimony
SC-2440,third_party_testimony
SC-2441,third_party_testimony
SC-2442,third_party_testimony
SC-2443,third_party_testimony
SC-2444,third_party_testimony
SC-2445,third_party_testimony
SC-2446,third_party_testimony
SC-2447,third_party_testimony
SC-2448,third_party_testimony
SC-2449,third_party_testimony
SC-2450,third_party_testimony
SC-2451,third_party_testimony
SC-2452,third_party_testimony
SC-2453,third_party_testimony
SC-2454,third_party_testimony
SC-2455,third_party_testimony
SC-2456,third_party_testimony
SC-2457,third_party_testimony
SC-2458,third_party_testimony
SC-2459,third_party_testimony
SC-2460,third_party_testimony
SC-2461,third_party_testimony
SC-2462,third_party_testimony
SC-2463,third_party_testimony
SC-2464,third_party_testimony
SC-2465,third_party_testimony
SC-2466,third_party_testimony
SC-2467,third_party_testimony
SC-2468,third_party_testimony
SC-2469,third_party_testimony
SC-2470,third_party_testimony
SC-2471,third_party_testimony
SC-2472,third_party_testimony
SC-2473,third_party_testimony
SC-2474,third_party_testimony
SC-2475,third_party_testimony
SC-2476,third_party_testimony
SC-2477,third_party_testimony
SC-2478,third_party_testimony
SC-2479,third_party_testimony
SC-2480,third_party_testimony
SC-2481,third_party_testimony
SC-2482,third_party_testimony
SC-2483,third_party_testimony
SC-2484,third_party_testimony
SC-2485,third_party_testimony
SC-2486,third_party_testimony
SC-2487,third_party_testimony
SC-2488,third_party_testimony
SC-2489,third_party_testimony
SC-2490,third_party_testimony
SC-2491,presenter
SC-2492,presenter
SC-2493,presenter
SC-2494,presenter
SC-2495,presenter
