stratum,block_id,subjects,active,control,block_status
S1,B1,7,5,2,not_assessed
S1,B10,8,3,5,not_assessed
S1,B100,1,1,0,not_assessed
S1,B102,1,1,0,not_assessed
S1,B107,1,1,0,not_assessed
S1,B109,1,0,1,not_assessed
S1,B112,1,1,0,not_assessed
S1,B116,1,0,1,not_assessed
S1,B118,1,0,1,not_assessed
S1,B12,1,1,0,not_assessed
S1,B120,1,0,1,not_assessed
S1,B122,1,1,0,not_assessed
S1,B13,2,1,1,not_assessed
S1,B133,1,1,0,not_assessed
S1,B135,1,1,0,not_assessed
S1,B137,1,0,1,not_assessed
S1,B151,1,0,1,not_assessed
S1,B157,1,0,1,not_assessed
S1,B160,1,0,1,not_assessed
S1,B163,1,0,1,not_assessed
S1,B164,1,0,1,not_assessed
S1,B166,2,2,0,not_assessed
S1,B170,1,1,0,not_assessed
S1,B171,1,0,1,not_assessed
S1,B174,3,1,2,not_assessed
S1,B182,1,0,1,not_assessed
S1,B183,1,0,1,not_assessed
S1,B184,2,1,1,not_assessed
S1,B186,1,1,0,not_assessed
S1,B188,1,1,0,not_assessed
S1,B193,1,0,1,not_assessed
S1,B196,2,1,1,not_assessed
S1,B199,1,0,1,not_assessed
S1,B2,8,7,1,not_assessed
S1,B20,8,2,6,not_assessed
S1,B200,1,1,0,not_assessed
S1,B22,2,1,1,not_assessed
S1,B23,4,2,2,not_assessed
S1,B25,1,1,0,not_assessed
S1,B26,1,0,1,not_assessed
S1,B3,7,6,1,not_assessed
S1,B30,5,4,1,not_assessed
S1,B300,2,2,0,not_assessed
S1,B301,2,1,1,not_assessed
S1,B302,1,1,0,not_assessed
S1,B303,1,0,1,not_assessed
S1,B304,1,0,1,not_assessed
S1,B305,4,2,2,not_assessed
S1,B306,3,0,3,not_assessed
S1,B307,2,1,1,not_assessed
S1,B308,3,1,2,not_assessed
S1,B309,2,0,2,not_assessed
S1,B31,7,5,2,not_assessed
S1,B310,2,1,1,not_assessed
S1,B311,1,0,1,not_assessed
S1,B312,1,1,0,not_assessed
S1,B313,3,2,1,not_assessed
S1,B315,1,1,0,not_assessed
S1,B316,3,1,2,not_assessed
S1,B317,1,1,0,not_assessed
S1,B318,2,1,1,not_assessed
S1,B319,1,0,1,not_assessed
S1,B32,6,4,2,within_tolerance
S1,B320,2,0,2,not_assessed
S1,B321,2,0,2,not_assessed
S1,B322,1,0,1,not_assessed
S1,B323,1,1,0,not_assessed
S1,B324,2,2,0,not_assessed
S1,B326,1,0,1,not_assessed
S1,B327,3,1,2,not_assessed
S1,B328,2,2,0,not_assessed
S1,B33,6,4,2,within_tolerance
S1,B330,1,0,1,not_assessed
S1,B331,2,0,2,not_assessed
S1,B332,1,1,0,not_assessed
S1,B333,4,2,2,not_assessed
S1,B334,4,3,1,not_assessed
S1,B336,2,1,1,not_assessed
S1,B337,1,1,0,not_assessed
S1,B338,2,0,2,not_assessed
S1,B339,3,2,1,not_assessed
S1,B34,6,4,2,within_tolerance
S1,B340,1,0,1,not_assessed
S1,B341,1,1,0,not_assessed
S1,B342,2,2,0,not_assessed
S1,B343,3,2,1,not_assessed
S1,B344,2,1,1,not_assessed
S1,B345,4,2,2,not_assessed
S1,B347,3,2,1,not_assessed
S1,B348,3,1,2,not_assessed
S1,B349,1,0,1,not_assessed
S1,B36,2,1,1,not_assessed
S1,B38,1,1,0,not_assessed
S1,B4,1,0,1,not_assessed
S1,B43,1,0,1,not_assessed
S1,B44,2,2,0,not_assessed
S1,B46,1,1,0,not_assessed
S1,B47,1,1,0,not_assessed
S1,B50,1,1,0,not_assessed
S1,B52,1,1,0,not_assessed
S1,B54,1,0,1,not_assessed
S1,B59,1,0,1,not_assessed
S1,B61,1,0,1,not_assessed
S1,B67,2,2,0,not_assessed
S1,B7,1,0,1,not_assessed
S1,B70,1,1,0,not_assessed
S1,B75,1,0,1,not_assessed
S1,B76,1,1,0,not_assessed
S1,B81,1,0,1,not_assessed
S1,B82,1,1,0,not_assessed
S1,B83,1,1,0,not_assessed
S1,B85,1,1,0,not_assessed
S1,B89,1,0,1,not_assessed
S1,B90,1,1,0,not_assessed
S1,B98,1,1,0,not_assessed
S2,B1,1,1,0,not_assessed
S2,B103,1,1,0,not_assessed
S2,B104,1,1,0,not_assessed
S2,B105,1,0,1,not_assessed
S2,B106,1,0,1,not_assessed
S2,B107,1,0,1,not_assessed
S2,B11,4,3,1,not_assessed
S2,B113,2,1,1,not_assessed
S2,B116,1,1,0,not_assessed
S2,B117,2,0,2,not_assessed
S2,B118,1,0,1,not_assessed
S2,B119,1,1,0,not_assessed
S2,B12,1,0,1,not_assessed
S2,B121,1,1,0,not_assessed
S2,B123,1,0,1,not_assessed
S2,B13,1,1,0,not_assessed
S2,B132,1,1,0,not_assessed
S2,B133,1,1,0,not_assessed
S2,B14,7,4,3,not_assessed
S2,B141,4,2,2,not_assessed
S2,B145,1,1,0,not_assessed
S2,B146,1,1,0,not_assessed
S2,B154,1,0,1,not_assessed
S2,B155,1,1,0,not_assessed
S2,B158,1,1,0,not_assessed
S2,B159,2,2,0,not_assessed
S2,B160,1,1,0,not_assessed
S2,B162,1,1,0,not_assessed
S2,B165,1,0,1,not_assessed
S2,B166,1,0,1,not_assessed
S2,B168,1,1,0,not_assessed
S2,B169,1,1,0,not_assessed
S2,B171,1,0,1,not_assessed
S2,B183,1,0,1,not_assessed
S2,B188,1,1,0,not_assessed
S2,B194,2,0,2,not_assessed
S2,B198,1,0,1,not_assessed
S2,B20,1,0,1,not_assessed
S2,B21,6,6,0,outside_tolerance
S2,B24,7,4,3,not_assessed
S2,B27,1,0,1,not_assessed
S2,B3,2,1,1,not_assessed
S2,B30,6,5,1,within_tolerance
S2,B300,2,1,1,not_assessed
S2,B301,2,2,0,not_assessed
S2,B302,3,1,2,not_assessed
S2,B303,2,0,2,not_assessed
S2,B304,3,2,1,not_assessed
S2,B305,1,0,1,not_assessed
S2,B306,1,1,0,not_assessed
S2,B307,4,2,2,not_assessed
S2,B308,1,1,0,not_assessed
S2,B309,1,1,0,not_assessed
S2,B31,6,5,1,within_tolerance
S2,B310,1,1,0,not_assessed
S2,B311,2,1,1,not_assessed
S2,B312,5,2,3,not_assessed
S2,B313,3,1,2,not_assessed
S2,B314,2,2,0,not_assessed
S2,B315,2,0,2,not_assessed
S2,B317,3,0,3,not_assessed
S2,B318,3,1,2,not_assessed
S2,B319,1,1,0,not_assessed
S2,B32,8,4,4,not_assessed
S2,B320,2,2,0,not_assessed
S2,B321,1,1,0,not_assessed
S2,B322,2,0,2,not_assessed
S2,B323,1,0,1,not_assessed
S2,B324,1,0,1,not_assessed
S2,B325,1,1,0,not_assessed
S2,B326,4,2,2,not_assessed
S2,B327,1,1,0,not_assessed
S2,B328,2,0,2,not_assessed
S2,B329,3,2,1,not_assessed
S2,B33,6,5,1,within_tolerance
S2,B330,4,2,2,not_assessed
S2,B331,4,3,1,not_assessed
S2,B332,3,1,2,not_assessed
S2,B333,1,0,1,not_assessed
S2,B334,1,0,1,not_assessed
S2,B335,4,3,1,not_assessed
S2,B336,2,0,2,not_assessed
S2,B337,2,0,2,not_assessed
S2,B338,3,2,1,not_assessed
S2,B339,2,1,1,not_assessed
S2,B34,6,4,2,within_tolerance
S2,B340,3,2,1,not_assessed
S2,B341,2,0,2,not_assessed
S2,B342,2,1,1,not_assessed
S2,B343,2,1,1,not_assessed
S2,B344,3,1,2,not_assessed
S2,B346,2,1,1,not_assessed
S2,B347,2,0,2,not_assessed
S2,B348,1,1,0,not_assessed
S2,B349,3,3,0,not_assessed
S2,B4,7,2,5,not_assessed
S2,B41,2,0,2,not_assessed
S2,B45,1,0,1,not_assessed
S2,B47,2,2,0,not_assessed
S2,B5,8,7,1,not_assessed
S2,B500,6,6,0,outside_tolerance
S2,B501,6,6,0,outside_tolerance
S2,B502,6,6,0,outside_tolerance
S2,B503,6,6,0,outside_tolerance
S2,B504,6,6,0,outside_tolerance
S2,B505,6,6,0,outside_tolerance
S2,B506,6,6,0,outside_tolerance
S2,B507,6,6,0,outside_tolerance
S2,B508,6,6,0,outside_tolerance
S2,B509,6,6,0,outside_tolerance
S2,B510,6,6,0,outside_tolerance
S2,B511,6,6,0,outside_tolerance
S2,B512,6,6,0,outside_tolerance
S2,B513,6,6,0,outside_tolerance
S2,B514,6,6,0,outside_tolerance
S2,B515,6,6,0,outside_tolerance
S2,B516,6,6,0,outside_tolerance
S2,B517,6,6,0,outside_tolerance
S2,B518,6,6,0,outside_tolerance
S2,B519,6,3,3,within_tolerance
S2,B52,1,0,1,not_assessed
S2,B520,6,0,6,outside_tolerance
S2,B521,6,0,6,outside_tolerance
S2,B522,6,0,6,outside_tolerance
S2,B523,6,0,6,outside_tolerance
S2,B524,6,0,6,outside_tolerance
S2,B525,6,0,6,outside_tolerance
S2,B526,6,0,6,outside_tolerance
S2,B527,6,0,6,outside_tolerance
S2,B528,6,0,6,outside_tolerance
S2,B529,6,0,6,outside_tolerance
S2,B530,6,0,6,outside_tolerance
S2,B531,6,0,6,outside_tolerance
S2,B532,6,0,6,outside_tolerance
S2,B533,2,0,2,not_assessed
S2,B54,1,1,0,not_assessed
S2,B57,1,1,0,not_assessed
S2,B58,2,1,1,not_assessed
S2,B6,8,5,3,not_assessed
S2,B64,1,0,1,not_assessed
S2,B66,1,0,1,not_assessed
S2,B69,2,1,1,not_assessed
S2,B70,2,1,1,not_assessed
S2,B73,2,0,2,not_assessed
S2,B79,2,1,1,not_assessed
S2,B81,1,0,1,not_assessed
S2,B82,1,1,0,not_assessed
S2,B9,1,1,0,not_assessed
S2,B90,1,0,1,not_assessed
S2,B91,1,1,0,not_assessed
S2,B94,1,0,1,not_assessed
S2,B95,1,1,0,not_assessed
S3,B1,1,1,0,not_assessed
S3,B10,1,1,0,not_assessed
S3,B100,6,6,0,outside_tolerance
S3,B101,6,6,0,outside_tolerance
S3,B102,6,6,0,outside_tolerance
S3,B103,7,6,1,not_assessed
S3,B104,6,6,0,outside_tolerance
S3,B105,6,6,0,outside_tolerance
S3,B106,6,6,0,outside_tolerance
S3,B107,6,6,0,outside_tolerance
S3,B108,6,6,0,outside_tolerance
S3,B109,6,6,0,outside_tolerance
S3,B11,1,1,0,not_assessed
S3,B110,7,7,0,not_assessed
S3,B111,7,6,1,not_assessed
S3,B112,6,6,0,outside_tolerance
S3,B113,6,6,0,outside_tolerance
S3,B114,7,6,1,not_assessed
S3,B115,6,6,0,outside_tolerance
S3,B116,6,6,0,outside_tolerance
S3,B117,6,6,0,outside_tolerance
S3,B118,7,6,1,not_assessed
S3,B119,6,6,0,outside_tolerance
S3,B12,6,2,4,outside_tolerance
S3,B120,6,6,0,outside_tolerance
S3,B121,6,6,0,outside_tolerance
S3,B122,7,6,1,not_assessed
S3,B123,6,6,0,outside_tolerance
S3,B124,6,6,0,outside_tolerance
S3,B125,6,6,0,outside_tolerance
S3,B126,7,7,0,not_assessed
S3,B127,6,6,0,outside_tolerance
S3,B128,6,6,0,outside_tolerance
S3,B129,6,6,0,outside_tolerance
S3,B13,8,6,2,not_assessed
S3,B130,6,6,0,outside_tolerance
S3,B131,8,6,2,not_assessed
S3,B132,6,6,0,outside_tolerance
S3,B133,6,6,0,outside_tolerance
S3,B134,6,6,0,outside_tolerance
S3,B135,6,6,0,outside_tolerance
S3,B136,6,6,0,outside_tolerance
S3,B137,6,6,0,outside_tolerance
S3,B138,6,6,0,outside_tolerance
S3,B139,6,6,0,outside_tolerance
S3,B14,2,1,1,not_assessed
S3,B140,6,6,0,outside_tolerance
S3,B141,6,6,0,outside_tolerance
S3,B142,8,3,5,not_assessed
S3,B143,6,0,6,outside_tolerance
S3,B144,7,1,6,not_assessed
S3,B145,7,0,7,not_assessed
S3,B146,7,1,6,not_assessed
S3,B147,6,0,6,outside_tolerance
S3,B148,6,0,6,outside_tolerance
S3,B149,6,0,6,outside_tolerance
S3,B150,6,0,6,outside_tolerance
S3,B151,6,0,6,outside_tolerance
S3,B152,7,1,6,not_assessed
S3,B153,6,0,6,outside_tolerance
S3,B154,7,0,7,not_assessed
S3,B155,8,1,7,not_assessed
S3,B156,6,0,6,outside_tolerance
S3,B157,6,0,6,outside_tolerance
S3,B158,6,0,6,outside_tolerance
S3,B159,6,0,6,outside_tolerance
S3,B160,6,0,6,outside_tolerance
S3,B161,6,0,6,outside_tolerance
S3,B162,6,0,6,outside_tolerance
S3,B163,7,1,6,not_assessed
S3,B164,6,0,6,outside_tolerance
S3,B165,7,0,7,not_assessed
S3,B166,7,0,7,not_assessed
S3,B167,6,0,6,outside_tolerance
S3,B168,7,1,6,not_assessed
S3,B169,7,1,6,not_assessed
S3,B170,6,0,6,outside_tolerance
S3,B171,7,1,6,not_assessed
S3,B172,6,0,6,outside_tolerance
S3,B173,6,0,6,outside_tolerance
S3,B174,6,0,6,outside_tolerance
S3,B175,8,1,7,not_assessed
S3,B176,7,1,6,not_assessed
S3,B177,6,0,6,outside_tolerance
S3,B178,7,1,6,not_assessed
S3,B179,7,0,7,not_assessed
S3,B18,1,1,0,not_assessed
S3,B180,6,0,6,outside_tolerance
S3,B181,6,0,6,outside_tolerance
S3,B182,6,0,6,outside_tolerance
S3,B183,7,0,7,not_assessed
S3,B184,7,0,7,not_assessed
S3,B185,6,0,6,outside_tolerance
S3,B186,6,0,6,outside_tolerance
S3,B187,7,1,6,not_assessed
S3,B188,6,0,6,outside_tolerance
S3,B189,8,2,6,not_assessed
S3,B190,7,0,7,not_assessed
S3,B191,6,0,6,outside_tolerance
S3,B192,6,0,6,outside_tolerance
S3,B193,6,0,6,outside_tolerance
S3,B194,6,0,6,outside_tolerance
S3,B195,8,1,7,not_assessed
S3,B196,6,0,6,outside_tolerance
S3,B197,6,0,6,outside_tolerance
S3,B198,6,0,6,outside_tolerance
S3,B199,8,2,6,not_assessed
S3,B20,1,0,1,not_assessed
S3,B200,6,0,6,outside_tolerance
S3,B201,6,0,6,outside_tolerance
S3,B202,6,0,6,outside_tolerance
S3,B203,6,0,6,outside_tolerance
S3,B204,6,0,6,outside_tolerance
S3,B205,6,0,6,outside_tolerance
S3,B206,4,0,4,not_assessed
S3,B22,6,3,3,within_tolerance
S3,B25,1,0,1,not_assessed
S3,B26,1,0,1,not_assessed
S3,B29,2,1,1,not_assessed
S3,B30,7,4,3,not_assessed
S3,B300,2,0,2,not_assessed
S3,B301,2,0,2,not_assessed
S3,B302,2,1,1,not_assessed
S3,B303,3,3,0,not_assessed
S3,B304,2,1,1,not_assessed
S3,B305,1,1,0,not_assessed
S3,B306,2,2,0,not_assessed
S3,B308,2,1,1,not_assessed
S3,B309,3,2,1,not_assessed
S3,B31,7,3,4,not_assessed
S3,B310,3,1,2,not_assessed
S3,B311,3,2,1,not_assessed
S3,B314,4,1,3,not_assessed
S3,B315,3,2,1,not_assessed
S3,B316,3,2,1,not_assessed
S3,B317,2,2,0,not_assessed
S3,B318,1,1,0,not_assessed
S3,B319,4,2,2,not_assessed
S3,B32,6,3,3,within_tolerance
S3,B320,2,1,1,not_assessed
S3,B321,3,2,1,not_assessed
S3,B322,3,3,0,not_assessed
S3,B323,4,2,2,not_assessed
S3,B324,3,1,2,not_assessed
S3,B325,5,2,3,not_assessed
S3,B326,1,1,0,not_assessed
S3,B327,2,1,1,not_assessed
S3,B328,2,1,1,not_assessed
S3,B329,3,1,2,not_assessed
S3,B33,3,2,1,not_assessed
S3,B330,1,1,0,not_assessed
S3,B332,2,1,1,not_assessed
S3,B333,1,1,0,not_assessed
S3,B334,1,0,1,not_assessed
S3,B335,2,0,2,not_assessed
S3,B336,2,2,0,not_assessed
S3,B337,3,2,1,not_assessed
S3,B338,1,1,0,not_assessed
S3,B339,1,0,1,not_assessed
S3,B34,1,1,0,not_assessed
S3,B340,2,1,1,not_assessed
S3,B341,3,2,1,not_assessed
S3,B342,2,0,2,not_assessed
S3,B343,1,0,1,not_assessed
S3,B344,1,1,0,not_assessed
S3,B345,2,1,1,not_assessed
S3,B346,4,2,2,not_assessed
S3,B347,1,1,0,not_assessed
S3,B348,2,1,1,not_assessed
S3,B349,2,0,2,not_assessed
S3,B37,1,0,1,not_assessed
S3,B42,1,0,1,not_assessed
S3,B44,1,0,1,not_assessed
S3,B49,1,1,0,not_assessed
S3,B50,6,6,0,outside_tolerance
S3,B51,4,4,0,not_assessed
S3,B52,4,4,0,not_assessed
S3,B53,7,7,0,not_assessed
S3,B54,8,6,2,not_assessed
S3,B55,6,6,0,outside_tolerance
S3,B56,6,6,0,outside_tolerance
S3,B57,7,7,0,not_assessed
S3,B58,6,6,0,outside_tolerance
S3,B59,6,6,0,outside_tolerance
S3,B6,1,0,1,not_assessed
S3,B60,6,6,0,outside_tolerance
S3,B61,6,6,0,outside_tolerance
S3,B62,6,6,0,outside_tolerance
S3,B63,6,6,0,outside_tolerance
S3,B64,6,6,0,outside_tolerance
S3,B65,7,6,1,not_assessed
S3,B66,6,6,0,outside_tolerance
S3,B67,7,7,0,not_assessed
S3,B68,6,6,0,outside_tolerance
S3,B69,7,7,0,not_assessed
S3,B7,9,5,4,not_assessed
S3,B70,6,6,0,outside_tolerance
S3,B71,7,7,0,not_assessed
S3,B72,6,6,0,outside_tolerance
S3,B73,7,6,1,not_assessed
S3,B74,7,7,0,not_assessed
S3,B75,6,6,0,outside_tolerance
S3,B76,6,6,0,outside_tolerance
S3,B77,6,6,0,outside_tolerance
S3,B78,6,6,0,outside_tolerance
S3,B79,7,6,1,not_assessed
S3,B8,6,2,4,outside_tolerance
S3,B80,6,6,0,outside_tolerance
S3,B81,6,6,0,outside_tolerance
S3,B82,7,6,1,not_assessed
S3,B83,7,7,0,not_assessed
S3,B84,7,7,0,not_assessed
S3,B85,7,6,1,not_assessed
S3,B86,6,6,0,outside_tolerance
S3,B87,6,6,0,outside_tolerance
S3,B88,7,6,1,not_assessed
S3,B89,7,6,1,not_assessed
S3,B9,6,5,1,within_tolerance
S3,B90,6,6,0,outside_tolerance
S3,B91,6,6,0,outside_tolerance
S3,B92,7,7,0,not_assessed
S3,B93,6,6,0,outside_tolerance
S3,B94,6,6,0,outside_tolerance
S3,B95,6,6,0,outside_tolerance
S3,B96,6,6,0,outside_tolerance
S3,B97,6,6,0,outside_tolerance
S3,B98,7,7,0,not_assessed
S3,B99,6,6,0,outside_tolerance
