placement_id,channel_id,planned_week,ran_week,placement_status,offer_type
PL-30001,CH-30,W1,W1,ran,rep_test
PL-30002,CH-30,W2,W2,ran,rep_test
PL-1001,CH-01,W1,W1,ran,editorial_pitch
PL-1002,CH-01,W2,W2,ran,editorial_pitch
PL-1003,CH-01,W4,W4,ran,editorial_pitch
PL-2001,CH-02,W1,W1,ran,blog_feature
PL-2002,CH-02,W2,W2,ran,blog_feature
PL-2003,CH-02,W4,W4,ran,blog_feature
PL-2004,CH-02,W4,W4,ran,blog_feature
PL-2005,CH-02,W5,W6,ran,blog_feature
PL-3001,CH-03,W1,W1,ran,radio_spin
PL-3002,CH-03,W2,W2,ran,radio_spin
PL-3003,CH-03,W4,W4,ran,radio_spin
PL-3004,CH-03,W4,,cancelled,radio_spin
PL-4001,CH-04,W1,W1,ran,curator_submission
PL-4002,CH-04,W1,W1,ran,curator_submission
PL-4003,CH-04,W2,W4,ran,curator_submission
PL-4004,CH-04,W4,W4,ran,curator_submission
PL-4005,CH-04,W4,W4,ran,curator_submission
PL-4006,CH-04,W5,W5,ran,curator_submission
PL-5001,CH-05,W1,W1,ran,creator_post
PL-5002,CH-05,W1,W1,ran,creator_post
PL-5003,CH-05,W2,W2,ran,creator_post
PL-5004,CH-05,W2,W2,ran,creator_post
PL-5005,CH-05,W4,W4,ran,creator_post
PL-5006,CH-05,W4,W4,ran,creator_post
PL-5007,CH-05,W4,W4,ran,creator_post
PL-5008,CH-05,W5,W5,ran,creator_post
PL-5009,CH-05,W4,W4,ran,guaranteed_streams
PL-6001,CH-06,W1,W1,ran,newsletter_swap
PL-6002,CH-06,W2,W2,ran,newsletter_swap
PL-6003,CH-06,W4,W4,ran,newsletter_swap
PL-6004,CH-06,W4,W4,ran,newsletter_swap
PL-6005,CH-06,W5,W5,ran,newsletter_swap
PL-7001,CH-07,W1,W1,ran,podcast_insertion
PL-7002,CH-07,W2,W2,ran,podcast_insertion
PL-7003,CH-07,W4,W4,ran,podcast_insertion
PL-8001,CH-08,W1,W1,ran,influencer_story
PL-8002,CH-08,W2,W2,ran,influencer_story
PL-8003,CH-08,W4,W4,ran,influencer_story
PL-8004,CH-08,W4,W4,ran,influencer_story
PL-9001,CH-09,W1,W2,ran,playlist_seed
PL-9002,CH-09,W2,W4,ran,playlist_seed
PL-10001,CH-10,W1,W1,ran,street_team
PL-10002,CH-10,W2,W2,ran,street_team
PL-10003,CH-10,W4,,cancelled,street_team
PL-11001,CH-11,W1,W1,ran,playlist_seed
PL-11002,CH-11,W4,,cancelled,playlist_seed
PL-12001,CH-12,W1,W1,ran,sync_pitch
PL-12002,CH-12,W2,W2,ran,sync_pitch
PL-12003,CH-12,W4,W4,ran,guaranteed_streams
PL-13001,CH-13,W1,W1,ran,sync_pitch
PL-13002,CH-13,W2,W2,ran,sync_pitch
PL-13003,CH-13,W4,W4,ran,sync_pitch
PL-14001,CH-14,W1,W1,ran,playlist_seed
PL-14002,CH-14,W1,W1,ran,playlist_seed
PL-14003,CH-14,W2,W2,ran,playlist_seed
PL-15001,CH-15,W1,W1,ran,street_team
PL-15002,CH-15,W2,W2,ran,street_team
PL-16001,CH-16,W1,W1,ran,guaranteed_streams
PL-16002,CH-16,W2,W2,ran,guaranteed_streams
PL-16003,CH-16,W4,W4,ran,guaranteed_streams
PL-17001,CH-17,W1,W1,ran,cross_test
PL-17002,CH-17,W2,W2,ran,cross_test
PL-18001,CH-18,W1,W1,ran,week_test
PL-18002,CH-18,W2,W2,ran,week_test
PL-19001,CH-19,W1,W1,ran,dup_test
PL-19002,CH-19,W2,W2,ran,dup_test
PL-20001,CH-20,W1,W1,ran,neg_test
PL-20002,CH-20,W2,W2,ran,neg_test
PL-19001,CH-20,W1,W1,ran,dup_test
PL-21001,CH-21,W1,W1,ran,zero_test
PL-21002,CH-21,W2,W2,ran,zero_test
PL-22001,CH-22,W1,W1,ran,w6_test
PL-22002,CH-22,W2,W2,ran,w6_test
PL-23001,CH-23,W1,W1,ran,flip_test
PL-23002,CH-23,W2,W2,ran,flip_test
PL-24001,CH-24,W1,W1,ran,over_test
PL-24002,CH-24,W1,W1,ran,over_test
PL-24003,CH-24,W2,W2,ran,over_test
PL-25001,CH-25,W1,W1,ran,gphantom_test
PL-25002,CH-25,W2,W2,ran,gphantom_test
PL-26001,CH-26,W1,W1,ran,blank_test
PL-26002,CH-26,W2,,ran,blank_test
PL-27001,CH-27,W1,W1,ran,float_test
PL-27002,CH-27,W2,W2,ran,float_test
PL-28001,CH-28,W1,W1,ran,zreach_test
PL-28002,CH-28,W2,W2,ran,zreach_test
PL-29001,CH-29,W1,W1,ran,allorg_test
PL-29002,CH-29,W2,,cancelled,allorg_test
PL-31001,CH-31,W1,W1,ran,frac_test
PL-31002,CH-31,W2,W2,ran,frac_test
PL-32001,CH-32,W1,W1,ran,fracr_test
PL-32002,CH-32,W2,W2,ran,fracr_test
PL-33001,CH-33,W1,W1,completed,comp_test
PL-33002,CH-33,W2,W2,ran,comp_test
PL-34001,CH-34,W1,W1,ran,w7_test
PL-34002,CH-34,W2,W2,ran,w7_test
PL-35001,CH-35,W1,W1,ran,w3_test
PL-35002,CH-35,W2,W2,ran,w3_test
PL-36001,CH-36,W1,W1,ran,half_test
PL-37001,CH-37,W1,W1,ran,negfrac_test
PL-37002,CH-37,W2,W2,ran,negfrac_test
PL-38001,CH-38,W1,W1,ran,tiny_test
PL-38002,CH-38,W2,W2,ran,tiny_test
PL-39001,CH-39,W1,W1,ran,tiny2_test
PL-39002,CH-39,W2,W2,ran,tiny2_test
PL-41001,CH-41,W1,W1,ran,bothhalf_test
PL-42001,CH-42,W1,W1,ran,reachnos_test
PL-42002,CH-42,W2,W2,ran,reachnos_test
PL-43001,CH-43,W1,W1,ran,
PL-43002,CH-43,W2,W2,ran,empty_test
PL-44001,CH-44,W1,W1,ran,dupref_test
PL-44002,CH-44,W2,W2,ran,dupref_test
PL-45001,CH-45,W1,W1,ran,guaranteed_streams
PL-45002,CH-45,W2,W2,ran,guaranteed_streams
