result_id,tier,test,released_at,notified_at,acknowledged_at,acknowledged_by_role
R-01,1,potassium,2026-06-15T09:00,2026-06-15T09:20,2026-06-15T09:45,consultant
R-02,1,troponin,2026-06-15T22:10,2026-06-15T22:55,2026-06-15T23:05,specialty_registrar
R-03,1,blood_culture,2026-06-15T14:00,2026-06-15T14:10,2026-06-15T15:20,consultant
R-04,1,potassium,2026-06-16T03:00,2026-06-16T03:15,2026-06-16T04:30,resident_doctor
R-05,1,calcium,2026-06-15T11:00,2026-06-15T11:25,2026-06-15T12:00,consultant
R-06,1,blood_culture,2026-06-15T16:00,2026-06-15T16:05,2026-06-15T16:40,ward_clerk
R-07,2,sodium,2026-06-15T09:00,2026-06-15T12:00,2026-06-15T15:30,specialty_registrar
R-08,2,haemoglobin,2026-06-15T19:30,2026-06-16T10:00,2026-06-16T14:00,consultant
R-09,2,inr,2026-06-15T08:30,2026-06-15T13:30,2026-06-15T15:00,consultant
R-10,2,magnesium,2026-06-15T10:00,2026-06-15T11:00,,
R-11,2,sodium,2026-06-16T07:00,2026-06-16T09:30,2026-06-16T12:00,specialty_registrar
R-12,1,troponin,2026-06-16T06:00,2026-06-16T06:20,2026-06-16T06:50,consultant
R-13,1,potassium,2026-06-15T21:00,2026-06-15T21:50,2026-06-15T22:30,consultant
R-14,2,creatinine,2026-06-16T18:00,2026-06-17T10:00,2026-06-17T16:00,consultant
R-15,2,bilirubin,2026-06-15T16:00,2026-06-15T20:00,2026-06-16T00:30,consultant
R-16,2,creatinine,2026-06-15T17:59,2026-06-16T09:30,2026-06-16T12:00,consultant
R-17,1,potassium,2026-06-16T09:00,2026-06-16T09:20,2026-06-16T09:50,consultant
R-18,2,glucose,2026-06-17T08:00,2026-06-17T08:10,2026-06-17T12:00,consultant
R-19,2,lactate,2026-06-17T07:59,2026-06-17T08:30,2026-06-17T14:00,specialty_registrar
R-20,2,phosphate,2026-06-17T18:01,2026-06-18T10:00,2026-06-18T15:00,consultant
R-21,1,troponin,2026-06-17T23:59,2026-06-18T00:35,2026-06-18T01:10,consultant
R-22,1,potassium,2026-06-17T14:00,2026-06-17T14:15,2026-06-17T14:45,nurse_hca
R-23,2,haemoglobin,2026-06-17T10:00,2026-06-17T14:00,2026-06-17T18:00,consultant
R-24,2,inr,2026-06-17T11:00,2026-06-17T13:00,2026-06-17T19:01,consultant
R-25,1,glucose,2026-06-17T15:00,2026-06-17T15:30,2026-06-17T16:00,consultant
R-26,1,lactate,2026-06-17T16:00,2026-06-17T16:31,2026-06-17T17:00,consultant
R-27,2,creatinine,2026-06-17T17:59,2026-06-17T18:30,2026-06-18T02:00,consultant
R-28,1,magnesium,2026-06-18T00:00,2026-06-18T00:28,2026-06-18T00:55,resident_doctor
R-29,2,glucose,2026-06-20T12:00,2026-06-20T12:15,2026-06-20T16:00,consultant
R-30,2,lactate,2026-06-21T10:00,2026-06-21T12:00,2026-06-21T18:01,consultant
R-31,1,troponin,2026-06-20T23:00,2026-06-20T23:35,2026-06-20T23:55,consultant
R-32,2,creatinine,2026-06-19T17:59,2026-06-19T18:20,2026-06-22T10:00,consultant
R-33,2,phosphate,2026-06-19T18:00,2026-06-20T08:10,2026-06-20T16:10,specialty_registrar
R-34,2,sodium,2026-06-21T09:00,2026-06-21T13:00,2026-06-21T17:00,consultant
R-35,1,potassium,2026-06-22T09:00,2026-06-22T09:10,2026-06-22T10:30,phlebotomist
R-36,1,troponin,2026-06-22T23:50,2026-06-23T00:20,2026-06-23T00:50,advanced_nurse_practitioner
R-37,2,sodium,2026-06-20T19:00,2026-06-21T08:00,2026-06-21T15:59,consultant
R-38,2,inr,2026-06-19T18:00,2026-06-20T12:00,2026-06-20T16:00,specialty_registrar
R-39,2,glucose,2026-06-21T07:00,2026-06-21T08:30,2026-06-21T16:00,consultant
R-40,1,potassium,2026-06-23T10:00,2026-06-23T10:31,2026-06-23T11:00,resident_doctor
R-41,2,bilirubin,2026-06-22T17:59,2026-06-22T18:30,2026-06-23T01:59,consultant
R-42,2,glucose,2026-06-24T08:00,2026-06-24T08:01,2026-06-24T16:00,consultant
R-43,2,lactate,2026-06-24T07:59,2026-06-24T08:30,2026-06-24T15:59,specialty_registrar
R-44,1,troponin,2026-06-24T14:00,2026-06-24T14:20,2026-06-24T15:00,consultant
R-45,1,potassium,2026-06-24T14:00,2026-06-24T14:20,2026-06-24T15:01,resident_doctor
R-46,2,haemoglobin,2026-06-24T09:00,2026-06-24T13:00,2026-06-24T17:00,consultant
R-47,2,inr,2026-06-24T09:00,2026-06-24T13:01,2026-06-24T17:00,consultant
R-48,1,magnesium,2026-06-24T10:00,2026-06-24T10:15,2026-06-24T10:45,advanced_nurse_practitioner
R-49,2,creatinine,2026-06-20T17:59,2026-06-20T18:20,2026-06-23T10:00,consultant
R-50,1,glucose,2026-06-25T00:00,2026-06-25T00:28,2026-06-25T00:59,consultant
R-51,1,lactate,2026-06-25T23:59,2026-06-26T00:29,2026-06-26T00:59,consultant
R-52,1,troponin,2026-06-25T15:00,2026-06-25T15:10,2026-06-25T15:40,healthcare_assistant
R-53,1,potassium,2026-06-25T03:00,2026-06-25T03:35,2026-06-25T04:10,pharmacist
R-54,2,sodium,2026-06-21T17:59,2026-06-21T18:20,2026-06-22T02:00,specialty_registrar
R-55,2,phosphate,2026-06-21T18:00,2026-06-22T08:10,2026-06-22T16:01,consultant
R-56,1,magnesium,2026-06-25T11:00,2026-06-25T11:15,2026-06-25T11:45,consultant
R-57,2,potassium,2026-06-26T08:00,2026-06-26T08:20,2026-06-26T09:00,consultant
R-58,2,sodium,2026-06-26T07:59,2026-06-26T08:30,2026-06-26T12:00,consultant
R-59,2,creatinine,2026-06-26T18:00,2026-06-27T10:00,2026-06-27T14:00,consultant
R-60,2,glucose,2026-06-26T18:01,2026-06-27T10:00,2026-06-27T14:00,consultant
R-61,2,lactate,2026-06-26T17:59,2026-06-26T18:20,2026-06-26T22:00,consultant
R-62,2,bilirubin,2026-06-27T07:59,2026-06-27T08:30,2026-06-27T12:00,specialty_registrar
R-63,2,inr,2026-06-27T18:00,2026-06-28T10:00,2026-06-28T14:00,consultant
R-64,2,magnesium,2026-06-28T18:00,2026-06-29T10:00,2026-06-29T14:00,consultant
R-65,1,troponin,2026-06-26T23:59,2026-06-27T00:20,2026-06-27T00:50,consultant
R-66,1,potassium,2026-06-26T10:00,2026-06-26T10:30,2026-06-26T10:50,consultant
R-67,1,sodium,2026-06-26T10:00,2026-06-26T10:31,2026-06-26T10:50,consultant
R-68,2,creatinine,2026-06-26T08:00,2026-06-26T12:00,2026-06-26T14:00,consultant
R-69,2,glucose,2026-06-26T08:00,2026-06-26T12:01,2026-06-26T14:00,consultant
R-70,1,lactate,2026-06-26T10:00,2026-06-26T10:15,2026-06-26T11:00,consultant
R-71,1,bilirubin,2026-06-26T10:00,2026-06-26T10:15,2026-06-26T11:01,consultant
R-72,2,inr,2026-06-26T08:00,2026-06-26T10:00,2026-06-26T16:00,consultant
R-73,2,magnesium,2026-06-26T08:00,2026-06-26T10:00,2026-06-26T16:01,consultant
R-74,1,troponin,2026-06-26T10:00,2026-06-26T10:10,2026-06-26T10:20,ward_clerk
R-75,1,troponin,2026-06-26T10:00,2026-06-26T10:10,2026-06-26T10:20,nurse_hca
R-76,1,troponin,2026-06-26T10:00,2026-06-26T10:10,2026-06-26T10:20,phlebotomist
R-77,1,troponin,2026-06-26T10:00,2026-06-26T10:10,2026-06-26T10:20,healthcare_assistant
R-78,1,troponin,2026-06-26T10:00,2026-06-26T10:10,2026-06-26T10:20,pharmacist
R-79,1,troponin,2026-06-26T10:00,2026-06-26T10:10,2026-06-26T10:20,student_nurse
R-80,1,troponin,2026-06-26T10:00,2026-06-26T10:10,2026-06-26T10:20,lab_technician
R-81,1,potassium,2026-06-26T10:00,2026-06-26T10:10,2026-06-26T11:30,ward_clerk
R-82,1,sodium,2026-06-26T10:00,2026-06-26T10:10,2026-06-26T10:20,phlebotomist
R-83,1,creatinine,2026-06-26T10:00,2026-06-26T10:10,2026-06-26T11:30,nurse_hca
R-84,1,glucose,2026-06-26T10:00,2026-06-26T10:10,,
R-85,1,lactate,2026-06-26T10:00,2026-06-26T10:10,,
R-86,2,bilirubin,2026-06-26T08:00,2026-06-26T08:10,2026-06-26T10:00,ward_clerk
R-87,2,inr,2026-06-26T08:00,2026-06-26T08:10,2026-06-26T18:00,phlebotomist
R-88,1,magnesium,2026-06-26T23:59,2026-06-27T00:29,2026-06-27T00:50,consultant
R-89,1,troponin,2026-06-26T23:59,2026-06-27T00:30,2026-06-27T00:50,consultant
R-90,2,potassium,2026-06-26T17:59,2026-06-26T18:20,2026-06-29T10:00,consultant
R-91,2,sodium,2026-06-27T18:00,2026-06-28T10:00,2026-06-28T14:00,consultant
R-92,2,creatinine,2026-06-27T07:59,2026-06-27T08:30,2026-06-27T12:00,specialty_registrar
R-93,2,glucose,2026-06-27T17:59,2026-06-27T18:20,2026-06-28T02:00,consultant
R-94,1,test,2026-06-26T12:00,2026-06-26T12:29,2026-06-26T12:59,consultant
R-95,1,test,2026-06-26T12:00,2026-06-26T12:32,2026-06-26T12:59,consultant
R-96,1,test,2026-06-26T12:00,2026-06-26T12:29,2026-06-26T13:02,consultant
R-97,1,test,2026-06-26T12:00,2026-06-26T12:32,2026-06-26T13:02,consultant
R-98,1,test,2026-06-26T13:00,2026-06-26T13:28,2026-06-26T13:58,consultant
R-99,1,test,2026-06-26T13:00,2026-06-26T13:33,2026-06-26T13:58,consultant
R-100,1,test,2026-06-26T13:00,2026-06-26T13:28,2026-06-26T14:03,consultant
R-101,1,test,2026-06-26T13:00,2026-06-26T13:33,2026-06-26T14:03,consultant
R-102,1,test,2026-06-26T14:00,2026-06-26T14:27,2026-06-26T14:57,consultant
R-103,1,test,2026-06-26T14:00,2026-06-26T14:34,2026-06-26T14:57,consultant
R-104,1,test,2026-06-26T14:00,2026-06-26T14:27,2026-06-26T15:04,consultant
R-105,1,test,2026-06-26T14:00,2026-06-26T14:34,2026-06-26T15:04,consultant
R-106,1,test,2026-06-26T15:00,2026-06-26T15:26,2026-06-26T15:56,consultant
R-107,1,test,2026-06-26T15:00,2026-06-26T15:35,2026-06-26T15:56,consultant
R-108,1,test,2026-06-26T15:00,2026-06-26T15:26,2026-06-26T16:05,consultant
R-109,1,test,2026-06-26T15:00,2026-06-26T15:35,2026-06-26T16:05,consultant
R-110,1,test,2026-06-26T16:00,2026-06-26T16:25,2026-06-26T16:55,consultant
R-111,1,test,2026-06-26T16:00,2026-06-26T16:36,2026-06-26T16:55,consultant
R-112,1,test,2026-06-26T16:00,2026-06-26T16:25,2026-06-26T17:06,consultant
R-113,1,test,2026-06-26T16:00,2026-06-26T16:36,2026-06-26T17:06,consultant
R-114,2,test,2026-06-26T08:00,2026-06-26T11:59,2026-06-26T15:59,consultant
R-115,2,test,2026-06-26T08:00,2026-06-26T12:02,2026-06-26T15:59,consultant
R-116,2,test,2026-06-26T08:00,2026-06-26T11:59,2026-06-26T16:02,consultant
R-117,2,test,2026-06-26T08:00,2026-06-26T12:02,2026-06-26T16:02,consultant
R-118,2,test,2026-06-26T09:00,2026-06-26T12:58,2026-06-26T16:58,consultant
R-119,2,test,2026-06-26T09:00,2026-06-26T13:03,2026-06-26T16:58,consultant
R-120,2,test,2026-06-26T09:00,2026-06-26T12:58,2026-06-26T17:03,consultant
R-121,2,test,2026-06-26T09:00,2026-06-26T13:03,2026-06-26T17:03,consultant
R-122,2,test,2026-06-26T10:00,2026-06-26T13:57,2026-06-26T17:57,consultant
R-123,2,test,2026-06-26T10:00,2026-06-26T14:04,2026-06-26T17:57,consultant
R-124,2,test,2026-06-26T10:00,2026-06-26T13:57,2026-06-26T18:04,consultant
R-125,2,test,2026-06-26T10:00,2026-06-26T14:04,2026-06-26T18:04,consultant
R-126,2,test,2026-06-26T11:00,2026-06-26T14:56,2026-06-26T18:56,consultant
R-127,2,test,2026-06-26T11:00,2026-06-26T15:05,2026-06-26T18:56,consultant
R-128,2,test,2026-06-26T11:00,2026-06-26T14:56,2026-06-26T19:05,consultant
R-129,2,test,2026-06-26T11:00,2026-06-26T15:05,2026-06-26T19:05,consultant
R-130,2,test,2026-06-26T12:00,2026-06-26T15:55,2026-06-26T19:55,consultant
R-131,2,test,2026-06-26T12:00,2026-06-26T16:06,2026-06-26T19:55,consultant
R-132,2,test,2026-06-26T12:00,2026-06-26T15:55,2026-06-26T20:06,consultant
R-133,2,test,2026-06-26T12:00,2026-06-26T16:06,2026-06-26T20:06,consultant
R-134,1,test,2026-06-26T10:00,2026-06-26T10:10,2026-06-26T10:20,ward_clerk
R-135,1,test,2026-06-26T10:00,2026-06-26T10:10,2026-06-26T11:30,ward_clerk
R-136,1,test,2026-06-26T10:00,2026-06-26T10:45,2026-06-26T11:30,ward_clerk
R-137,1,test,2026-06-26T10:00,2026-06-26T10:10,2026-06-26T10:20,nurse_hca
R-138,1,test,2026-06-26T10:00,2026-06-26T10:10,2026-06-26T11:30,nurse_hca
R-139,1,test,2026-06-26T10:00,2026-06-26T10:45,2026-06-26T11:30,nurse_hca
R-140,1,test,2026-06-26T10:00,2026-06-26T10:10,2026-06-26T10:20,phlebotomist
R-141,1,test,2026-06-26T10:00,2026-06-26T10:10,2026-06-26T11:30,phlebotomist
R-142,1,test,2026-06-26T10:00,2026-06-26T10:45,2026-06-26T11:30,phlebotomist
R-143,1,test,2026-06-26T10:00,2026-06-26T10:10,2026-06-26T10:20,healthcare_assistant
R-144,1,test,2026-06-26T10:00,2026-06-26T10:10,2026-06-26T11:30,healthcare_assistant
R-145,1,test,2026-06-26T10:00,2026-06-26T10:45,2026-06-26T11:30,healthcare_assistant
R-146,1,test,2026-06-26T10:00,2026-06-26T10:10,2026-06-26T10:20,pharmacist
R-147,1,test,2026-06-26T10:00,2026-06-26T10:10,2026-06-26T11:30,pharmacist
R-148,1,test,2026-06-26T10:00,2026-06-26T10:45,2026-06-26T11:30,pharmacist
R-149,1,test,2026-06-26T10:00,2026-06-26T10:10,2026-06-26T10:20,student_nurse
R-150,1,test,2026-06-26T10:00,2026-06-26T10:10,2026-06-26T11:30,student_nurse
R-151,1,test,2026-06-26T10:00,2026-06-26T10:45,2026-06-26T11:30,student_nurse
R-152,1,test,2026-06-26T10:00,2026-06-26T10:10,2026-06-26T10:20,lab_technician
R-153,1,test,2026-06-26T10:00,2026-06-26T10:10,2026-06-26T11:30,lab_technician
R-154,1,test,2026-06-26T10:00,2026-06-26T10:45,2026-06-26T11:30,lab_technician
R-155,2,test,2026-06-26T08:00,2026-06-26T08:30,2026-06-26T10:00,consultant
R-156,2,test,2026-06-26T07:59,2026-06-26T08:30,2026-06-26T10:00,consultant
R-157,2,test,2026-06-26T08:01,2026-06-26T08:31,2026-06-26T10:01,consultant
R-158,2,test,2026-06-26T17:58,2026-06-26T18:28,2026-06-26T19:58,consultant
R-159,2,test,2026-06-26T17:59,2026-06-26T18:29,2026-06-26T19:59,consultant
R-160,2,test,2026-06-26T18:00,2026-06-27T08:30,2026-06-27T10:00,consultant
R-161,2,test,2026-06-26T18:01,2026-06-27T08:30,2026-06-27T10:00,consultant
R-162,1,test,2026-06-26T10:00,2026-06-26T10:15,,
R-163,2,test,2026-06-26T11:00,2026-06-26T12:40,,
R-164,1,test,2026-06-26T12:00,2026-06-26T12:15,,
R-165,2,test,2026-06-26T13:00,2026-06-26T14:40,,
R-166,1,test,2026-06-26T14:00,2026-06-26T14:15,,
R-167,2,test,2026-06-26T15:00,2026-06-26T16:40,,
R-168,1,test,2026-06-26T16:00,2026-06-26T16:15,,
R-169,2,test,2026-06-26T17:00,2026-06-26T18:40,,
R-170,1,test,2026-06-26T18:00,2026-06-26T18:15,,
R-171,2,test,2026-06-26T19:00,2026-06-26T20:40,,
R-172,1,test,2026-06-26T10:00,2026-06-26T10:15,2026-06-26T10:45,consultant
R-173,1,test,2026-06-27T10:00,2026-06-27T10:15,2026-06-27T10:45,consultant
R-174,1,test,2026-06-28T10:00,2026-06-28T10:15,2026-06-28T10:45,consultant
R-175,1,test,2026-06-29T10:00,2026-06-29T10:15,2026-06-29T10:45,consultant
R-176,1,test,2026-06-30T10:00,2026-06-30T10:15,2026-06-30T10:45,consultant
R-177,1,test,2026-06-30T10:00,2026-06-30T10:15,2026-06-30T10:45,consultant
R-178,1,test,2026-06-30T10:00,2026-06-30T10:15,2026-06-30T10:45,consultant
R-179,1,test,2026-06-30T10:00,2026-06-30T10:15,2026-06-30T10:45,consultant
R-180,1,test,2026-06-30T10:00,2026-06-30T10:15,2026-06-30T10:45,consultant
R-181,1,test,2026-06-30T10:00,2026-06-30T10:15,2026-06-30T10:45,consultant
R-182,1,test,2026-06-30T10:00,2026-06-30T10:15,2026-06-30T10:45,consultant
R-183,1,test,2026-06-30T10:00,2026-06-30T10:15,2026-06-30T10:45,consultant
R-184,1,test,2026-06-30T10:00,2026-06-30T10:15,2026-06-30T10:45,consultant
R-185,1,test,2026-06-30T10:00,2026-06-30T10:15,2026-06-30T10:45,consultant
R-186,1,test,2026-06-30T10:00,2026-06-30T10:15,2026-06-30T10:45,consultant
R-187,1,test,2026-06-30T10:00,2026-06-30T10:15,2026-06-30T10:45,consultant
R-188,1,test,2026-06-30T10:00,2026-06-30T10:15,2026-06-30T10:45,consultant
R-189,1,test,2026-06-30T10:00,2026-06-30T10:15,2026-06-30T10:45,consultant
R-190,1,test,2026-06-30T10:00,2026-06-30T10:15,2026-06-30T10:45,consultant
R-191,1,test,2026-06-30T10:00,2026-06-30T10:15,2026-06-30T10:45,consultant
R-192,2,test,2026-06-26T08:00,2026-06-26T12:01,2026-06-26T13:00,consultant
R-193,2,test,2026-06-26T08:00,2026-06-26T12:06,2026-06-26T13:10,consultant
R-194,2,test,2026-06-26T08:00,2026-06-26T12:11,2026-06-26T13:20,consultant
R-195,2,test,2026-06-26T08:00,2026-06-26T12:16,2026-06-26T13:30,consultant
R-196,2,test,2026-06-26T08:00,2026-06-26T12:21,2026-06-26T13:40,consultant
R-197,2,test,2026-06-26T08:00,2026-06-26T12:26,2026-06-26T13:50,consultant
R-198,2,test,2026-06-26T08:00,2026-06-26T12:31,2026-06-26T14:00,consultant
R-199,2,test,2026-06-26T08:00,2026-06-26T12:36,2026-06-26T14:10,consultant
R-200,2,test,2026-06-26T08:00,2026-06-26T12:41,2026-06-26T14:20,consultant
R-201,2,test,2026-06-26T08:00,2026-06-26T12:46,2026-06-26T14:30,consultant
R-202,1,test,2026-06-26T10:00,2026-06-26T10:15,2026-06-26T11:01,consultant
R-203,1,test,2026-06-27T11:00,2026-06-27T11:15,2026-06-27T12:04,consultant
R-204,1,test,2026-06-28T12:00,2026-06-28T12:15,2026-06-28T13:07,consultant
R-205,1,test,2026-06-29T13:00,2026-06-29T13:15,2026-06-29T14:10,consultant
R-206,1,test,2026-06-30T14:00,2026-06-30T14:15,2026-06-30T15:13,consultant
R-207,1,test,2026-06-30T15:00,2026-06-30T15:15,2026-06-30T16:16,consultant
R-208,1,test,2026-06-30T16:00,2026-06-30T16:15,2026-06-30T17:19,consultant
R-209,1,test,2026-06-30T17:00,2026-06-30T17:15,2026-06-30T18:22,consultant
R-210,1,test,2026-06-30T18:00,2026-06-30T18:15,2026-06-30T19:25,consultant
R-211,1,test,2026-06-30T19:00,2026-06-30T19:15,2026-06-30T20:28,consultant
R-212,1,test,2026-06-26T10:00,2026-06-26T10:35,2026-06-26T11:30,ward_clerk
R-213,1,test,2026-06-26T10:00,2026-06-26T10:35,2026-06-26T11:30,nurse_hca
R-214,1,test,2026-06-26T10:00,2026-06-26T10:20,2026-06-26T11:30,phlebotomist
R-215,2,test,2026-06-26T10:00,2026-06-26T14:05,2026-06-26T18:30,ward_clerk
R-216,2,test,2026-06-26T10:00,2026-06-26T10:20,2026-06-26T18:30,nurse_hca
R-217,2,test,2026-06-26T10:00,2026-06-26T14:05,2026-06-26T18:30,phlebotomist
R-218,1,test,2026-06-26T10:00,2026-06-26T10:35,2026-06-26T11:30,healthcare_assistant
R-219,1,test,2026-06-26T10:00,2026-06-26T10:20,2026-06-26T11:30,pharmacist
R-220,2,test,2026-06-26T10:00,2026-06-26T14:05,2026-06-26T18:30,student_nurse
R-221,2,test,2026-06-26T10:00,2026-06-26T10:20,2026-06-26T18:30,lab_technician
R-222,1,test,2026-06-26T10:00,2026-06-26T10:30,2026-06-26T10:40,consultant
R-223,1,test,2026-06-26T10:00,2026-06-26T10:30,2026-06-26T10:40,consultant
R-224,1,test,2026-06-26T10:00,2026-06-26T10:30,2026-06-26T10:40,consultant
R-225,2,test,2026-06-26T08:00,2026-06-26T12:00,2026-06-26T13:00,consultant
R-226,2,test,2026-06-26T08:00,2026-06-26T12:00,2026-06-26T13:00,consultant
R-227,2,test,2026-06-26T08:00,2026-06-26T12:00,2026-06-26T13:00,consultant
R-228,1,test,2026-06-26T10:00,2026-06-26T10:15,2026-06-26T11:00,consultant
R-229,1,test,2026-06-26T10:00,2026-06-26T10:15,2026-06-26T11:00,consultant
R-230,1,test,2026-06-26T10:00,2026-06-26T10:15,2026-06-26T11:00,consultant
R-231,2,test,2026-06-26T08:00,2026-06-26T09:40,2026-06-26T16:00,consultant
R-232,2,test,2026-06-26T08:00,2026-06-26T09:40,2026-06-26T16:00,consultant
R-233,2,test,2026-06-26T08:00,2026-06-26T09:40,2026-06-26T16:00,consultant
R-234,2,test,2026-06-26T08:00,2026-06-26T09:40,2026-06-26T11:20,ward_clerk
R-235,2,test,2026-06-26T08:00,2026-06-26T09:40,2026-06-26T16:20,ward_clerk
R-236,2,test,2026-06-26T08:00,2026-06-26T09:40,2026-06-26T11:20,nurse_hca
R-237,2,test,2026-06-26T08:00,2026-06-26T09:40,2026-06-26T16:20,nurse_hca
R-238,2,test,2026-06-26T08:00,2026-06-26T09:40,2026-06-26T11:20,phlebotomist
R-239,2,test,2026-06-26T08:00,2026-06-26T09:40,2026-06-26T16:20,phlebotomist
R-240,2,test,2026-06-26T08:00,2026-06-26T09:40,2026-06-26T11:20,healthcare_assistant
R-241,2,test,2026-06-26T08:00,2026-06-26T09:40,2026-06-26T16:20,healthcare_assistant
R-242,2,test,2026-06-26T08:00,2026-06-26T09:40,2026-06-26T11:20,pharmacist
R-243,2,test,2026-06-26T08:00,2026-06-26T09:40,2026-06-26T16:20,pharmacist
R-244,1,test,2026-06-26T10:00,2026-06-26T10:20,2026-06-26T10:50,consultant
R-245,2,test,2026-06-26T08:00,2026-06-26T09:40,2026-06-26T13:00,consultant
R-246,1,test,2026-06-26T11:00,2026-06-26T11:20,2026-06-26T11:50,specialty_registrar
R-247,2,test,2026-06-26T08:00,2026-06-26T09:40,2026-06-26T13:00,specialty_registrar
R-248,1,test,2026-06-26T12:00,2026-06-26T12:20,2026-06-26T12:50,resident_doctor
R-249,2,test,2026-06-26T08:00,2026-06-26T09:40,2026-06-26T13:00,resident_doctor
R-250,1,test,2026-06-26T13:00,2026-06-26T13:20,2026-06-26T13:50,advanced_nurse_practitioner
R-251,2,test,2026-06-26T08:00,2026-06-26T09:40,2026-06-26T13:00,advanced_nurse_practitioner
R-252,2,test,2026-06-26T17:00,2026-06-26T18:40,2026-06-27T01:00,consultant
R-253,2,test,2026-06-26T18:59,2026-06-27T09:40,2026-06-27T17:00,consultant
R-254,2,test,2026-06-26T17:00,2026-06-26T18:40,2026-06-27T03:00,consultant
R-255,2,test,2026-06-26T18:59,2026-06-27T09:40,2026-06-27T19:00,consultant
R-256,2,test,2026-06-26T17:00,2026-06-26T18:40,2026-06-27T05:00,consultant
R-257,1,test,2026-06-26T00:30,2026-06-26T01:00,2026-06-26T01:30,specialty_registrar
R-258,1,test,2026-06-27T18:45,2026-06-27T19:10,2026-06-27T19:40,consultant
R-259,1,test,2026-06-28T17:15,2026-06-28T18:35,2026-06-28T18:25,specialty_registrar
R-260,1,test,2026-06-29T05:45,2026-06-29T06:16,2026-06-29T06:46,specialty_registrar
R-261,1,test,2026-06-30T02:45,2026-06-30T03:10,2026-06-30T03:46,resident_doctor
R-262,2,test,2026-06-26T17:00,2026-06-26T21:10,2026-06-27T00:55,ward_clerk
R-263,2,test,2026-06-27T18:15,2026-06-28T11:55,2026-06-28T15:55,phlebotomist
R-264,2,test,2026-06-28T02:15,2026-06-28T11:55,2026-06-28T16:10,resident_doctor
R-265,1,test,2026-06-29T11:30,2026-06-29T12:00,2026-06-29T12:31,phlebotomist
R-266,1,test,2026-06-30T17:15,2026-06-30T17:45,2026-06-30T18:25,advanced_nurse_practitioner
R-267,1,test,2026-06-26T21:30,2026-06-26T21:55,2026-06-26T22:30,consultant
R-268,2,test,2026-06-27T08:00,2026-06-27T12:00,2026-06-27T16:50,phlebotomist
R-269,2,test,2026-06-28T20:45,2026-06-29T12:00,2026-06-29T16:01,specialty_registrar
R-270,2,test,2026-06-29T23:59,2026-06-30T12:10,2026-06-30T16:50,advanced_nurse_practitioner
R-271,1,test,2026-06-30T16:45,2026-06-30T17:10,2026-06-30T17:40,consultant
R-272,1,test,2026-06-26T21:45,2026-06-26T23:05,2026-06-26T22:40,advanced_nurse_practitioner
R-273,2,test,2026-06-27T16:30,2026-06-27T21:20,2026-06-28T00:25,phlebotomist
R-274,2,test,2026-06-28T20:30,2026-06-29T11:55,2026-06-29T16:01,advanced_nurse_practitioner
R-275,2,test,2026-06-29T16:15,2026-06-29T21:05,2026-06-30T00:10,phlebotomist
R-276,1,test,2026-06-30T04:30,2026-06-30T05:00,2026-06-30T06:20,ward_clerk
R-277,2,test,2026-06-26T00:00,2026-06-26T12:01,,
R-278,1,test,2026-06-27T02:45,2026-06-27T03:10,2026-06-27T04:35,specialty_registrar
R-279,1,test,2026-06-28T08:59,2026-06-28T10:19,2026-06-28T10:09,specialty_registrar
R-280,1,test,2026-06-29T22:30,2026-06-29T23:10,2026-06-29T23:31,advanced_nurse_practitioner
R-281,1,test,2026-06-30T07:00,2026-06-30T07:31,2026-06-30T07:55,ward_clerk
R-282,1,test,2026-06-26T00:00,2026-06-26T00:25,2026-06-26T01:00,consultant
R-283,2,test,2026-06-27T02:59,2026-06-27T12:00,2026-06-27T16:01,phlebotomist
R-284,2,test,2026-06-28T07:45,2026-06-28T12:10,,
R-285,2,test,2026-06-29T13:45,2026-06-29T17:40,2026-06-29T21:40,consultant
R-286,2,test,2026-06-30T03:15,2026-06-30T12:00,2026-06-30T16:00,ward_clerk
